 1095 , 1095 , 1095 , 1095 , 3.189798 , -11.285412 , 3.422929 , -10.581077 ,12334
 1108 , 1108 , 1108 , 1108 , 3.334058 , -7.512451 , 3.473008 , -10.462556 ,12368
 1132 , 1132 , 1132 , 1132 , 5.829571 , -11.382011 , 3.519560 , -10.334308 ,12401
 1132 , 1132 , 1132 , 1132 , 4.360605 , -13.273614 , 3.546411 , -10.245866 ,12434
 1132 , 1132 , 1132 , 1132 , 5.253361 , -9.744940 , 3.531559 , -10.144366 ,12468
 1127 , 1127 , 1127 , 1127 , 5.176910 , -11.671527 , 3.487620 , -10.035560 ,12501
 1100 , 1100 , 1100 , 1100 , 4.521805 , -4.615376 , 3.430566 , -9.909865 ,12534
 1023 , 1023 , 1023 , 1023 , 3.030614 , -8.894420 , 3.362331 , -9.761163 ,12568
 1000 , 1000 , 1000 , 1000 , 1.601798 , -6.133037 , 3.283370 , -9.639814 ,12601
 1000 , 1000 , 1000 , 1000 , 3.867707 , -5.011804 , 3.224289 , -9.504587 ,12634
 1000 , 1000 , 1000 , 1000 , 1.209359 , -7.627472 , 3.186371 , -9.378713 ,12667
 1000 , 1000 , 1000 , 1000 , 1.719003 , -3.965464 , 3.166634 , -9.272606 ,12701
 1000 , 1000 , 1000 , 1000 , 3.324695 , -4.465850 , 3.195161 , -9.166144 ,12734
 999 , 999 , 999 , 999 , 3.104648 , -5.905040 , 3.261585 , -9.088492 ,12767
 999 , 999 , 999 , 999 , 2.734627 , -4.316785 , 3.340215 , -9.028725 ,12801
 999 , 999 , 999 , 999 , 2.993521 , -4.439248 , 3.422189 , -8.982108 ,12834
 999 , 999 , 999 , 999 , 4.457833 , -4.471493 , 3.510125 , -8.957193 ,12867
 999 , 999 , 999 , 999 , 2.013333 , -6.252451 , 3.576795 , -8.959405 ,12901
 999 , 999 , 999 , 999 , 3.536519 , -5.023249 , 3.607450 , -8.989142 ,12934
 1000 , 1000 , 1000 , 1000 , 6.460961 , -6.911946 , 3.632852 , -9.031784 ,12967
 999 , 999 , 999 , 999 , 2.739028 , -7.954848 , 3.620070 , -9.106129 ,13001
 999 , 999 , 999 , 999 , 6.048273 , -5.082654 , 3.567873 , -9.186625 ,13034
 1000 , 1000 , 1000 , 1000 , 1.318452 , -9.255105 , 3.485781 , -9.272809 ,13067
 1000 , 1000 , 1000 , 1000 , 4.365265 , -8.136136 , 3.381789 , -9.381033 ,13101
 1000 , 1000 , 1000 , 1000 , 3.363261 , -9.378864 , 3.296367 , -9.491786 ,13134
 1000 , 1000 , 1000 , 1000 , 1.066747 , -9.159132 , 3.208072 , -9.608873 ,13167
 1000 , 1000 , 1000 , 1000 , 2.842685 , -10.414199 , 3.138819 , -9.729548 ,13201
 1000 , 1000 , 1000 , 1000 , 4.211813 , -10.580091 , 3.124824 , -9.850394 ,13234
 999 , 999 , 999 , 999 , 0.755203 , -9.919846 , 3.134909 , -9.965392 ,13267
 1000 , 1000 , 1000 , 1000 , 3.986228 , -11.966227 , 3.174131 , -10.077592 ,13301
 1000 , 1000 , 1000 , 1000 , 3.799326 , -11.950681 , 3.257618 , -10.194431 ,13334
 999 , 999 , 999 , 999 , 2.748213 , -10.863224 , 3.347767 , -10.290606 ,13367
 999 , 999 , 999 , 999 , 5.825019 , -13.540770 , 3.445419 , -10.379131 ,13401
 1000 , 1000 , 1000 , 1000 , 3.396736 , -10.791637 , 3.533775 , -10.460299 ,13434
 999 , 999 , 999 , 999 , 5.698428 , -13.763732 , 3.597186 , -10.524714 ,13467
 1000 , 1000 , 1000 , 1000 , 4.304184 , -12.298049 , 3.635087 , -10.586363 ,13501
 1000 , 1000 , 1000 , 1000 , 4.886153 , -11.885873 , 3.636322 , -10.626981 ,13534
 999 , 999 , 999 , 999 , 3.933262 , -13.722705 , 3.605805 , -10.661329 ,13567
 999 , 999 , 999 , 999 , 3.302575 , -11.342488 , 3.543619 , -10.686793 ,13601
 999 , 999 , 999 , 999 , 3.496521 , -12.401052 , 3.467578 , -10.693357 ,13634
 1000 , 1000 , 1000 , 1000 , 1.757823 , -12.358210 , 3.384010 , -10.698456 ,13667
 999 , 999 , 999 , 999 , 2.967182 , -11.308821 , 3.310094 , -10.691646 ,13701
 1000 , 1000 , 1000 , 1000 , 0.644090 , -11.989325 , 3.251813 , -10.672443 ,13734
 999 , 999 , 999 , 999 , 2.060165 , -11.431274 , 3.217693 , -10.653138 ,13767
 1000 , 1000 , 1000 , 1000 , 1.832127 , -11.156249 , 3.220587 , -10.623831 ,13801
 1000 , 1000 , 1000 , 1000 , 1.496496 , -11.894112 , 3.247029 , -10.592623 ,13834
 1000 , 1000 , 1000 , 1000 , 3.359693 , -10.717910 , 3.300259 , -10.559315 ,13868
 999 , 999 , 999 , 999 , 2.851978 , -11.806314 , 3.366502 , -10.521924 ,13901
 999 , 999 , 999 , 999 , 4.408207 , -10.869596 , 3.435095 , -10.483738 ,13934
 1000 , 1000 , 1000 , 1000 , 4.963629 , -11.147582 , 3.499874 , -10.438080 ,13967
 1000 , 1000 , 1000 , 1000 , 4.724554 , -11.237527 , 3.540992 , -10.391051 ,14001
 1000 , 1000 , 1000 , 1000 , 5.712121 , -10.373732 , 3.557029 , -10.338178 ,14034
 999 , 999 , 999 , 999 , 4.769707 , -10.413037 , 3.543786 , -10.277224 ,14068
 999 , 999 , 999 , 999 , 4.441590 , -10.852594 , 3.498403 , -10.219735 ,14101
 1000 , 1000 , 1000 , 1000 , 3.989616 , -10.214642 , 3.433352 , -10.160913 ,14134
 999 , 999 , 999 , 999 , 3.987875 , -9.992235 , 3.362380 , -10.096558 ,14167
 999 , 999 , 999 , 999 , 3.413184 , -10.096165 , 3.296931 , -10.034199 ,14201
 999 , 999 , 999 , 999 , 1.607763 , -9.516306 , 3.237802 , -9.971988 ,14234
 999 , 999 , 999 , 999 , 3.036542 , -9.418729 , 3.204655 , -9.910480 ,14268
 1000 , 1000 , 1000 , 1000 , 1.585229 , -9.064367 , 3.204057 , -9.850944 ,14301
 999 , 999 , 999 , 999 , 1.790600 , -9.153191 , 3.227267 , -9.797417 ,14334
 999 , 999 , 999 , 999 , 2.996541 , -8.748430 , 3.283567 , -9.751049 ,14367
 1000 , 1000 , 1000 , 1000 , 2.441271 , -8.459213 , 3.359950 , -9.709188 ,14401
 1000 , 1000 , 1000 , 1000 , 3.382051 , -8.467603 , 3.441532 , -9.676147 ,14434
 1000 , 1000 , 1000 , 1000 , 4.048624 , -7.849788 , 3.520853 , -9.650580 ,14468
 1000 , 1000 , 1000 , 1000 , 4.030839 , -7.904981 , 3.582631 , -9.632625 ,14501
 1000 , 1000 , 1000 , 1000 , 4.328799 , -8.018605 , 3.616653 , -9.626384 ,14534
 999 , 999 , 999 , 999 , 4.256602 , -7.762001 , 3.617412 , -9.631621 ,14568
 1000 , 1000 , 1000 , 1000 , 4.492602 , -7.772097 , 3.586768 , -9.648382 ,14601
 1000 , 1000 , 1000 , 1000 , 4.012830 , -8.005028 , 3.528540 , -9.677855 ,14634
 999 , 999 , 999 , 999 , 4.038109 , -7.852819 , 3.450333 , -9.718228 ,14668
 1000 , 1000 , 1000 , 1000 , 3.273830 , -8.349882 , 3.363355 , -9.769672 ,14701
 999 , 999 , 999 , 999 , 2.620005 , -8.638284 , 3.277742 , -9.834071 ,14734
 1000 , 1000 , 1000 , 1000 , 2.816061 , -8.722035 , 3.210968 , -9.906257 ,14768
 999 , 999 , 999 , 999 , 2.241440 , -9.592214 , 3.172983 , -9.987975 ,14801
 1000 , 1000 , 1000 , 1000 , 2.458311 , -9.782659 , 3.167235 , -10.079970 ,14834
 999 , 999 , 999 , 999 , 2.980994 , -10.363303 , 3.197825 , -10.175610 ,14868
 1000 , 1000 , 1000 , 1000 , 3.069219 , -11.020250 , 3.259349 , -10.275737 ,14901
 1000 , 1000 , 1000 , 1000 , 3.608204 , -11.319921 , 3.341872 , -10.376344 ,14934
 999 , 999 , 999 , 999 , 4.200749 , -12.253720 , 3.435031 , -10.474029 ,14968
 999 , 999 , 999 , 999 , 4.560155 , -12.494205 , 3.525321 , -10.568303 ,15001
 1000 , 1000 , 1000 , 1000 , 4.510208 , -12.864523 , 3.596892 , -10.653567 ,15034
 999 , 999 , 999 , 999 , 4.755124 , -13.666487 , 3.640567 , -10.731135 ,15068
 1000 , 1000 , 1000 , 1000 , 4.533773 , -13.437161 , 3.652628 , -10.797835 ,15101
 999 , 999 , 999 , 999 , 4.067763 , -13.923026 , 3.629298 , -10.850357 ,15134
 1000 , 1000 , 1000 , 1000 , 3.690251 , -13.886795 , 3.575226 , -10.890238 ,15168
 999 , 999 , 999 , 999 , 3.120436 , -13.736062 , 3.500484 , -10.913342 ,15201
 999 , 999 , 999 , 999 , 2.416107 , -13.746794 , 3.415660 , -10.920362 ,15234
 999 , 999 , 999 , 999 , 2.214372 , -13.279283 , 3.334965 , -10.911878 ,15268
 1000 , 1000 , 1000 , 1000 , 1.828612 , -12.907022 , 3.271568 , -10.886857 ,15301
 1000 , 1000 , 1000 , 1000 , 1.697846 , -12.651217 , 3.233596 , -10.848861 ,15334
 999 , 999 , 999 , 999 , 1.879346 , -11.996892 , 3.226179 , -10.798202 ,15368
 999 , 999 , 999 , 999 , 2.450392 , -11.559303 , 3.251355 , -10.735570 ,15401
 999 , 999 , 999 , 999 , 2.838647 , -11.016178 , 3.303868 , -10.663868 ,15434
 1000 , 1000 , 1000 , 1000 , 3.503964 , -10.592423 , 3.373814 , -10.584663 ,15468
 999 , 999 , 999 , 999 , 4.254294 , -10.022588 , 3.450824 , -10.500136 ,15501
 999 , 999 , 999 , 999 , 4.517794 , -9.515829 , 3.520542 , -10.411901 ,15534
 1000 , 1000 , 1000 , 1000 , 5.038804 , -9.167771 , 3.571836 , -10.322582 ,15568
 999 , 999 , 999 , 999 , 5.117544 , -8.723286 , 3.596939 , -10.234403 ,15601
 1000 , 1000 , 1000 , 1000 , 4.988325 , -8.523807 , 3.590663 , -10.149239 ,15634
 999 , 999 , 999 , 999 , 4.686918 , -8.326810 , 3.554341 , -10.069411 ,15668
 999 , 999 , 999 , 999 , 4.178886 , -8.122474 , 3.494033 , -9.995868 ,15701
 1000 , 1000 , 1000 , 1000 , 3.587072 , -8.190856 , 3.419895 , -9.930693 ,15734
 999 , 999 , 999 , 999 , 2.988171 , -8.167386 , 3.344255 , -9.876153 ,15768
 999 , 999 , 999 , 999 , 2.468612 , -8.172943 , 3.279572 , -9.832099 ,15801
 999 , 999 , 999 , 999 , 2.075940 , -8.522019 , 3.236403 , -9.800055 ,15834
 1000 , 1000 , 1000 , 1000 , 1.991142 , -8.559719 , 3.222900 , -9.780294 ,15868
 1000 , 1000 , 1000 , 1000 , 2.060714 , -8.841704 , 3.241933 , -9.771242 ,15901
 999 , 999 , 999 , 999 , 2.383039 , -9.014717 , 3.290600 , -9.772415 ,15934
 1000 , 1000 , 1000 , 1000 , 2.860674 , -9.225240 , 3.361550 , -9.782532 ,15968
 1000 , 1000 , 1000 , 1000 , 3.266458 , -9.445580 , 3.442990 , -9.800598 ,16001
 999 , 999 , 999 , 999 , 3.794065 , -9.610948 , 3.521987 , -9.825498 ,16034
 999 , 999 , 999 , 999 , 4.233877 , -9.809459 , 3.585965 , -9.856195 ,16068
 999 , 999 , 999 , 999 , 4.493042 , -9.948902 , 3.624265 , -9.891944 ,16101
 1000 , 1000 , 1000 , 1000 , 4.496089 , -9.925414 , 3.629498 , -9.930713 ,16134
 1000 , 1000 , 1000 , 1000 , 4.437162 , -9.901226 , 3.600210 , -9.970751 ,16168
 1000 , 1000 , 1000 , 1000 , 4.071001 , -9.990529 , 3.540860 , -10.012406 ,16201
 999 , 999 , 999 , 999 , 3.758452 , -9.903060 , 3.460057 , -10.054895 ,16234
 1000 , 1000 , 1000 , 1000 , 3.322658 , -9.849503 , 3.370444 , -10.097209 ,16268
 1000 , 1000 , 1000 , 1000 , 2.869544 , -9.852033 , 3.285239 , -10.139770 ,16301
 999 , 999 , 999 , 999 , 2.589355 , -9.794873 , 3.217830 , -10.182432 ,16334
 999 , 999 , 999 , 999 , 2.434199 , -9.863643 , 3.178818 , -10.226037 ,16368
 1000 , 1000 , 1000 , 1000 , 2.523463 , -9.842150 , 3.174228 , -10.270882 ,16401
 1000 , 1000 , 1000 , 1000 , 2.730881 , -10.065652 , 3.205742 , -10.317542 ,16434
 999 , 999 , 999 , 999 , 3.132741 , -10.134640 , 3.268757 , -10.366171 ,16468
 999 , 999 , 999 , 999 , 3.547953 , -10.342625 , 3.353738 , -10.415576 ,16501
 999 , 999 , 999 , 999 , 4.018982 , -10.680424 , 3.448156 , -10.465911 ,16534
 999 , 999 , 999 , 999 , 4.397070 , -10.850663 , 3.537835 , -10.515931 ,16568
 999 , 999 , 999 , 999 , 4.625364 , -11.236604 , 3.609357 , -10.564992 ,16601
 1000 , 1000 , 1000 , 1000 , 4.674570 , -11.527781 , 3.652503 , -10.612956 ,16634
 1000 , 1000 , 1000 , 1000 , 4.434652 , -11.747048 , 3.660782 , -10.657976 ,16668
 1000 , 1000 , 1000 , 1000 , 4.139336 , -11.951315 , 3.633164 , -10.698713 ,16701
 999 , 999 , 999 , 999 , 3.729538 , -12.360583 , 3.575193 , -10.735259 ,16734
 999 , 999 , 999 , 999 , 3.143699 , -12.491933 , 3.495765 , -10.766475 ,16768
 1000 , 1000 , 1000 , 1000 , 2.587305 , -12.712907 , 3.406935 , -10.790507 ,16801
 1000 , 1000 , 1000 , 1000 , 2.063369 , -12.766073 , 3.322281 , -10.805985 ,16834
 1000 , 1000 , 1000 , 1000 , 1.880786 , -12.865148 , 3.254715 , -10.812234 ,16868
 1000 , 1000 , 1000 , 1000 , 1.799561 , -12.878931 , 3.214891 , -10.809319 ,16901
 1000 , 1000 , 1000 , 1000 , 1.989531 , -12.729383 , 3.207821 , -10.795590 ,16934
 1000 , 1000 , 1000 , 1000 , 2.461708 , -12.581429 , 3.234344 , -10.770609 ,16968
 999 , 999 , 999 , 999 , 2.980479 , -12.321357 , 3.289296 , -10.734751 ,17001
 1000 , 1000 , 1000 , 1000 , 3.665938 , -11.910984 , 3.362907 , -10.687523 ,17034
 1000 , 1000 , 1000 , 1000 , 4.275107 , -11.461527 , 3.443093 , -10.628706 ,17068
 999 , 999 , 999 , 999 , 4.698321 , -11.100715 , 3.515908 , -10.559783 ,17101
 999 , 999 , 999 , 999 , 5.027687 , -10.672542 , 3.569827 , -10.482849 ,17134
 999 , 999 , 999 , 999 , 5.147154 , -10.115949 , 3.596287 , -10.398585 ,17168
 999 , 999 , 999 , 999 , 4.952857 , -9.722547 , 3.590801 , -10.309622 ,17201
 1000 , 1000 , 1000 , 1000 , 4.605717 , -9.227837 , 3.554809 , -10.218819 ,17234
 1000 , 1000 , 1000 , 1000 , 4.078731 , -8.654193 , 3.494078 , -10.127601 ,17268
 999 , 999 , 999 , 999 , 3.581370 , -8.259027 , 3.419230 , -10.039110 ,17301
 999 , 999 , 999 , 999 , 2.868475 , -7.970998 , 3.342568 , -9.957020 ,17334
 1000 , 1000 , 1000 , 1000 , 2.339421 , -7.711639 , 3.276309 , -9.883982 ,17368
 999 , 999 , 999 , 999 , 2.154821 , -7.534872 , 3.232903 , -9.822189 ,17401
 999 , 999 , 999 , 999 , 1.889778 , -7.416487 , 3.219441 , -9.773482 ,17434
 1000 , 1000 , 1000 , 1000 , 2.133664 , -7.392085 , 3.238608 , -9.739198 ,17468
 1000 , 1000 , 1000 , 1000 , 2.295593 , -7.486722 , 3.287043 , -9.720014 ,17501
 1000 , 1000 , 1000 , 1000 , 2.915299 , -7.704455 , 3.357533 , -9.716695 ,17534
 999 , 999 , 999 , 999 , 3.307788 , -7.840956 , 3.439118 , -9.728805 ,17568
 999 , 999 , 999 , 999 , 3.901360 , -8.119584 , 3.518038 , -9.754929 ,17601
 1000 , 1000 , 1000 , 1000 , 4.358639 , -8.442810 , 3.581999 , -9.794397 ,17634
 999 , 999 , 999 , 999 , 4.557239 , -8.882993 , 3.619674 , -9.846473 ,17668
 999 , 999 , 999 , 999 , 4.617016 , -9.291854 , 3.624570 , -9.909534 ,17701
 1000 , 1000 , 1000 , 1000 , 4.534812 , -9.620711 , 3.595367 , -9.980570 ,17734
 999 , 999 , 999 , 999 , 4.212255 , -10.073907 , 3.535855 , -10.057432 ,17768
 1000 , 1000 , 1000 , 1000 , 3.829761 , -10.519229 , 3.454943 , -10.138494 ,17801
 999 , 999 , 999 , 999 , 3.388104 , -10.895811 , 3.365319 , -10.221123 ,17834
 999 , 999 , 999 , 999 , 2.881774 , -11.161988 , 3.280530 , -10.302711 ,17868
 1000 , 1000 , 1000 , 1000 , 2.566844 , -11.461171 , 3.214168 , -10.381647 ,17901
 1000 , 1000 , 1000 , 1000 , 2.303095 , -11.660439 , 3.176342 , -10.456758 ,17934
 999 , 999 , 999 , 999 , 2.360459 , -11.814717 , 3.172969 , -10.526526 ,17968
 1000 , 1000 , 1000 , 1000 , 2.641408 , -12.045152 , 3.206206 , -10.590084 ,18001
 999 , 999 , 999 , 999 , 2.952754 , -12.139007 , 3.270702 , -10.646265 ,18034
 999 , 999 , 999 , 999 , 3.485345 , -12.168157 , 3.356797 , -10.693413 ,18068
 999 , 999 , 999 , 999 , 3.915245 , -12.315210 , 3.451798 , -10.731302 ,18101
 1000 , 1000 , 1000 , 1000 , 4.319380 , -12.257019 , 3.541420 , -10.759382 ,18134
 1000 , 1000 , 1000 , 1000 , 4.575957 , -12.093833 , 3.612499 , -10.776716 ,18168
 1000 , 1000 , 1000 , 1000 , 4.596533 , -11.995659 , 3.653746 , -10.784178 ,18201
 1000 , 1000 , 1000 , 1000 , 4.443799 , -11.738651 , 3.659315 , -10.782280 ,18234
 999 , 999 , 999 , 999 , 4.132135 , -11.664830 , 3.629643 , -10.772164 ,18268
 1000 , 1000 , 1000 , 1000 , 3.747152 , -11.472178 , 3.569633 , -10.755348 ,18301
 1000 , 1000 , 1000 , 1000 , 3.188548 , -11.301272 , 3.488722 , -10.732297 ,18334
 1000 , 1000 , 1000 , 1000 , 2.636693 , -11.082719 , 3.399699 , -10.703846 ,18368
 999 , 999 , 999 , 999 , 2.212007 , -10.797473 , 3.316205 , -10.670598 ,18401
 1000 , 1000 , 1000 , 1000 , 1.854584 , -10.686646 , 3.250543 , -10.634150 ,18434
 1000 , 1000 , 1000 , 1000 , 1.809774 , -10.593011 , 3.212778 , -10.596153 ,18468
 999 , 999 , 999 , 999 , 2.069249 , -10.428538 , 3.208790 , -10.556766 ,18501
 1000 , 1000 , 1000 , 1000 , 2.464285 , -10.299896 , 3.238188 , -10.516360 ,18534
 1000 , 1000 , 1000 , 1000 , 3.107365 , -10.286991 , 3.296045 , -10.475634 ,18568
 999 , 999 , 999 , 999 , 3.796280 , -10.265010 , 3.372950 , -10.434852 ,18601
 999 , 999 , 999 , 999 , 4.220846 , -10.212596 , 3.454567 , -10.393806 ,18634
 999 , 999 , 999 , 999 , 4.809760 , -10.119587 , 3.527358 , -10.351754 ,18668
 999 , 999 , 999 , 999 , 4.948031 , -10.070949 , 3.579956 , -10.308612 ,18701
 1000 , 1000 , 1000 , 1000 , 5.042677 , -10.042238 , 3.604145 , -10.264911 ,18734
 999 , 999 , 999 , 999 , 4.849953 , -9.927370 , 3.596532 , -10.220426 ,18768
 1000 , 1000 , 1000 , 1000 , 4.495317 , -9.866219 , 3.558714 , -10.175358 ,18801
 1000 , 1000 , 1000 , 1000 , 4.067005 , -9.844043 , 3.498066 , -10.130814 ,18834
 1000 , 1000 , 1000 , 1000 , 3.394069 , -9.713240 , 3.424715 , -10.086959 ,18868
 1000 , 1000 , 1000 , 1000 , 2.812654 , -9.582279 , 3.351012 , -10.043695 ,18901
 1000 , 1000 , 1000 , 1000 , 2.339599 , -9.397888 , 3.289533 , -10.002431 ,18934
 1000 , 1000 , 1000 , 1000 , 1.960931 , -9.110966 , 3.238725 , -9.931454 ,19001
 1000 , 1000 , 1000 , 1000 , 2.104810 , -8.802666 , 3.258720 , -9.903229 ,19034
 1000 , 1000 , 1000 , 1000 , 2.527368 , -8.660846 , 3.307071 , -9.880733 ,19068
 1000 , 1000 , 1000 , 1000 , 2.928802 , -8.545656 , 3.375204 , -9.865716 ,19101
 1000 , 1000 , 1000 , 1000 , 3.481798 , -8.345729 , 3.452455 , -9.858334 ,19134
 1000 , 1000 , 1000 , 1000 , 4.001181 , -8.280418 , 3.526927 , -9.858709 ,19168
 999 , 999 , 999 , 999 , 4.293140 , -8.364386 , 3.585817 , -9.868030 ,19201
 1000 , 1000 , 1000 , 1000 , 4.660387 , -8.283784 , 3.619944 , -9.886173 ,19234
 1000 , 1000 , 1000 , 1000 , 4.650606 , -8.345334 , 3.624036 , -9.912749 ,19268
 1000 , 1000 , 1000 , 1000 , 4.583240 , -8.458104 , 3.596291 , -9.948390 ,19301
 1000 , 1000 , 1000 , 1000 , 4.264423 , -8.634521 , 3.540382 , -9.992943 ,19334
 999 , 999 , 999 , 999 , 3.841069 , -8.897232 , 3.465025 , -10.045715 ,19368
 999 , 999 , 999 , 999 , 3.371585 , -9.195181 , 3.382110 , -10.105810 ,19401
 1000 , 1000 , 1000 , 1000 , 2.884174 , -9.555303 , 3.304402 , -10.172275 ,19434
 999 , 999 , 999 , 999 , 2.529371 , -10.016412 , 3.243965 , -10.244452 ,19468
 999 , 999 , 999 , 999 , 2.433647 , -10.396869 , 3.211176 , -10.321115 ,19501
 999 , 999 , 999 , 999 , 2.434577 , -10.937493 , 3.211497 , -10.401311 ,19534
 1000 , 1000 , 1000 , 1000 , 2.685658 , -11.393767 , 3.244714 , -10.483459 ,19568
 1000 , 1000 , 1000 , 1000 , 3.019159 , -11.762831 , 3.306121 , -10.564143 ,19601
 1000 , 1000 , 1000 , 1000 , 3.443873 , -12.260678 , 3.387003 , -10.641423 ,19634
 999 , 999 , 999 , 999 , 3.827980 , -12.614172 , 3.474936 , -10.713127 ,19668
 999 , 999 , 999 , 999 , 4.189927 , -12.938363 , 3.556002 , -10.776457 ,19701
 1000 , 1000 , 1000 , 1000 , 4.472496 , -13.153566 , 3.618593 , -10.830040 ,19734
 1000 , 1000 , 1000 , 1000 , 4.521171 , -13.302450 , 3.652940 , -10.872260 ,19768
 1000 , 1000 , 1000 , 1000 , 4.348649 , -13.357776 , 3.653242 , -10.901907 ,19801
 1000 , 1000 , 1000 , 1000 , 4.016649 , -13.312036 , 3.619845 , -10.918748 ,19834
 999 , 999 , 999 , 999 , 3.601330 , -13.241613 , 3.558128 , -10.922190 ,19868
 1000 , 1000 , 1000 , 1000 , 3.122217 , -13.026963 , 3.478277 , -10.911904 ,19901
 1000 , 1000 , 1000 , 1000 , 2.686504 , -12.666873 , 3.392981 , -10.887709 ,19934
 1000 , 1000 , 1000 , 1000 , 2.332506 , -12.237402 , 3.315444 , -10.850008 ,19968
 1000 , 1000 , 1000 , 1000 , 2.082340 , -11.817881 , 3.257166 , -10.800874 ,20001
 1000 , 1000 , 1000 , 1000 , 2.012727 , -11.364962 , 3.226050 , -10.742422 ,20034
 1000 , 1000 , 1000 , 1000 , 2.260689 , -10.851004 , 3.226996 , -10.676431 ,20068
 999 , 999 , 999 , 999 , 2.674079 , -10.398423 , 3.259730 , -10.604800 ,20101
 1000 , 1000 , 1000 , 1000 , 3.145111 , -9.939091 , 3.317641 , -10.529456 ,20134
 1000 , 1000 , 1000 , 1000 , 3.853036 , -9.534668 , 3.392151 , -10.452148 ,20168
 999 , 999 , 999 , 999 , 4.265728 , -9.235736 , 3.470948 , -10.375021 ,20201
 1000 , 1000 , 1000 , 1000 , 4.670307 , -8.853111 , 3.540326 , -10.299640 ,20234
 999 , 999 , 999 , 999 , 4.849383 , -8.599621 , 3.589573 , -10.227077 ,20268
 999 , 999 , 999 , 999 , 4.869894 , -8.444371 , 3.611300 , -10.159661 ,20301
 1000 , 1000 , 1000 , 1000 , 4.639446 , -8.352525 , 3.602111 , -10.099225 ,20334
 1000 , 1000 , 1000 , 1000 , 4.353228 , -8.185652 , 3.564112 , -10.046176 ,20368
 999 , 999 , 999 , 999 , 3.808219 , -8.230772 , 3.504181 , -10.002257 ,20401
 1000 , 1000 , 1000 , 1000 , 3.240330 , -8.394164 , 3.431906 , -9.969486 ,20434
 1000 , 1000 , 1000 , 1000 , 2.805940 , -8.567132 , 3.359823 , -9.947998 ,20468
 999 , 999 , 999 , 999 , 2.288269 , -8.767669 , 3.299400 , -9.937140 ,20501
 1000 , 1000 , 1000 , 1000 , 2.063240 , -9.002746 , 3.260287 , -9.936585 ,20534
 999 , 999 , 999 , 999 , 2.083854 , -9.225703 , 3.249411 , -9.945676 ,20568
 1000 , 1000 , 1000 , 1000 , 2.163305 , -9.492067 , 3.268018 , -9.963507 ,20601
 999 , 999 , 999 , 999 , 2.488364 , -9.685456 , 3.312500 , -9.988795 ,20634
 1000 , 1000 , 1000 , 1000 , 2.984569 , -9.885545 , 3.375762 , -10.019718 ,20668
 999 , 999 , 999 , 999 , 3.521800 , -10.045947 , 3.447516 , -10.055133 ,20701
 1000 , 1000 , 1000 , 1000 , 4.031590 , -10.225919 , 3.516174 , -10.093977 ,20734
 999 , 999 , 999 , 999 , 4.367848 , -10.350577 , 3.570098 , -10.134568 ,20768
 999 , 999 , 999 , 999 , 4.587327 , -10.428973 , 3.599488 , -10.175927 ,20801
 1000 , 1000 , 1000 , 1000 , 4.607464 , -10.430120 , 3.599359 , -10.217206 ,20834
 1000 , 1000 , 1000 , 1000 , 4.483174 , -10.453697 , 3.569781 , -10.257390 ,20868
 1000 , 1000 , 1000 , 1000 , 4.065304 , -10.297815 , 3.514381 , -10.295412 ,20901
 1000 , 1000 , 1000 , 1000 , 3.809692 , -10.415234 , 3.442502 , -10.331498 ,20934
 1000 , 1000 , 1000 , 1000 , 3.318711 , -10.383320 , 3.365922 , -10.365955 ,20968
 1000 , 1000 , 1000 , 1000 , 2.850065 , -10.377160 , 3.295681 , -10.398089 ,21001
 1000 , 1000 , 1000 , 1000 , 2.468018 , -10.274552 , 3.243013 , -10.428153 ,21034
 999 , 999 , 999 , 999 , 2.327034 , -10.280402 , 3.217221 , -10.457023 ,21068
 1000 , 1000 , 1000 , 1000 , 2.460815 , -10.301158 , 3.223172 , -10.485728 ,21101
 1000 , 1000 , 1000 , 1000 , 2.659361 , -10.393674 , 3.259779 , -10.514791 ,21134
 1000 , 1000 , 1000 , 1000 , 3.073773 , -10.501840 , 3.322145 , -10.544308 ,21168
 1000 , 1000 , 1000 , 1000 , 3.542307 , -10.613460 , 3.401059 , -10.573524 ,21201
 999 , 999 , 999 , 999 , 3.917820 , -11.004685 , 3.483840 , -10.603285 ,21234
 1000 , 1000 , 1000 , 1000 , 4.175086 , -11.015978 , 3.557267 , -10.632436 ,21268
 1000 , 1000 , 1000 , 1000 , 4.355360 , -11.227528 , 3.610171 , -10.659433 ,21301
 999 , 999 , 999 , 999 , 4.365251 , -11.475029 , 3.634917 , -10.685065 ,21334
 1000 , 1000 , 1000 , 1000 , 4.180460 , -11.716748 , 3.627146 , -10.708596 ,21368
 1000 , 1000 , 1000 , 1000 , 3.924994 , -11.891556 , 3.588470 , -10.728876 ,21401
 999 , 999 , 999 , 999 , 3.528730 , -12.004801 , 3.525916 , -10.744287 ,21434
 1000 , 1000 , 1000 , 1000 , 3.097377 , -12.110032 , 3.448680 , -10.753483 ,21468
 1000 , 1000 , 1000 , 1000 , 2.647457 , -12.217764 , 3.368576 , -10.756077 ,21501
 1000 , 1000 , 1000 , 1000 , 2.408474 , -12.115408 , 3.298831 , -10.750792 ,21534
 999 , 999 , 999 , 999 , 2.195099 , -12.022682 , 3.249429 , -10.736773 ,21568
 1000 , 1000 , 1000 , 1000 , 2.213678 , -11.994890 , 3.226668 , -10.715176 ,21601
 999 , 999 , 999 , 999 , 2.492271 , -11.754367 , 3.234386 , -10.685778 ,21634
 999 , 999 , 999 , 999 , 2.912258 , -11.560596 , 3.270987 , -10.648331 ,21668
 1000 , 1000 , 1000 , 1000 , 3.426690 , -11.245839 , 3.329716 , -10.603129 ,21701
 999 , 999 , 999 , 999 , 3.931040 , -10.949127 , 3.401030 , -10.550439 ,21734
 1000 , 1000 , 1000 , 1000 , 4.319304 , -10.708242 , 3.473217 , -10.491700 ,21768
 999 , 999 , 999 , 999 , 4.629062 , -10.207860 , 3.534755 , -10.427288 ,21801
 999 , 999 , 999 , 999 , 4.867476 , -9.811769 , 3.576729 , -10.358262 ,21834
 999 , 999 , 999 , 999 , 4.732437 , -9.497559 , 3.592259 , -10.287476 ,21868
 999 , 999 , 999 , 999 , 4.549067 , -9.099743 , 3.579218 , -10.216934 ,21901
 999 , 999 , 999 , 999 , 4.106657 , -8.819555 , 3.540401 , -10.148882 ,21934
 1000 , 1000 , 1000 , 1000 , 3.720934 , -8.569283 , 3.483015 , -10.086071 ,21968
 999 , 999 , 999 , 999 , 3.113930 , -8.225101 , 3.416619 , -10.029800 ,22001
 1000 , 1000 , 1000 , 1000 , 2.635929 , -8.025326 , 3.351792 , -9.981666 ,22034
 1000 , 1000 , 1000 , 1000 , 2.250685 , -8.016030 , 3.299504 , -9.944386 ,22068
 1000 , 1000 , 1000 , 1000 , 2.074800 , -7.891284 , 3.268373 , -9.919273 ,22101
 1000 , 1000 , 1000 , 1000 , 2.157511 , -8.006948 , 3.264103 , -9.907287 ,22134
 1000 , 1000 , 1000 , 1000 , 2.352755 , -8.118347 , 3.286919 , -9.909051 ,22168
 999 , 999 , 999 , 999 , 2.675403 , -8.334889 , 3.332530 , -9.924231 ,22201
 1000 , 1000 , 1000 , 1000 , 3.169200 , -8.568278 , 3.393731 , -9.952056 ,22234
 1000 , 1000 , 1000 , 1000 , 3.579818 , -8.803490 , 3.459973 , -9.990853 ,22268
 1000 , 1000 , 1000 , 1000 , 4.085511 , -9.190185 , 3.519879 , -10.039871 ,22301
 1000 , 1000 , 1000 , 1000 , 4.412427 , -9.593323 , 3.564107 , -10.098251 ,22334
 1000 , 1000 , 1000 , 1000 , 4.557444 , -9.940963 , 3.584913 , -10.163688 ,22368
 999 , 999 , 999 , 999 , 4.543334 , -10.366494 , 3.577654 , -10.234166 ,22401
 1000 , 1000 , 1000 , 1000 , 4.380798 , -10.767490 , 3.543427 , -10.307856 ,22434
 999 , 999 , 999 , 999 , 4.002769 , -11.029641 , 3.487436 , -10.381793 ,22468
 999 , 999 , 999 , 999 , 3.664804 , -11.329916 , 3.418744 , -10.453687 ,22501
 1000 , 1000 , 1000 , 1000 , 3.252385 , -11.570385 , 3.348753 , -10.521928 ,22534
 999 , 999 , 999 , 999 , 2.783926 , -11.933407 , 3.288053 , -10.585800 ,22568
 1000 , 1000 , 1000 , 1000 , 2.598426 , -12.034266 , 3.246655 , -10.644121 ,22601
 1000 , 1000 , 1000 , 1000 , 2.448926 , -12.252956 , 3.231370 , -10.695583 ,22634
 999 , 999 , 999 , 999 , 2.516163 , -12.223023 , 3.245137 , -10.738893 ,22668
 999 , 999 , 999 , 999 , 2.794186 , -12.305696 , 3.286880 , -10.773300 ,22701
 1000 , 1000 , 1000 , 1000 , 3.089092 , -12.241076 , 3.349869 , -10.798713 ,22734
 999 , 999 , 999 , 999 , 3.520721 , -12.225356 , 3.424574 , -10.814644 ,22768
 1000 , 1000 , 1000 , 1000 , 3.940711 , -12.064158 , 3.500383 , -10.820923 ,22801
 1000 , 1000 , 1000 , 1000 , 4.181135 , -11.871075 , 3.565426 , -10.817563 ,22834
 999 , 999 , 999 , 999 , 4.377620 , -11.670639 , 3.609486 , -10.805548 ,22868
 1000 , 1000 , 1000 , 1000 , 4.351517 , -11.410872 , 3.626046 , -10.785645 ,22901
 999 , 999 , 999 , 999 , 4.135208 , -11.220191 , 3.612242 , -10.759264 ,22934
 1000 , 1000 , 1000 , 1000 , 3.871019 , -11.009145 , 3.570414 , -10.727882 ,22968
 1000 , 1000 , 1000 , 1000 , 3.517496 , -10.798246 , 3.507770 , -10.692293 ,23001
 999 , 999 , 999 , 999 , 3.071115 , -10.547439 , 3.433926 , -10.653300 ,23034
 999 , 999 , 999 , 999 , 2.625658 , -10.298593 , 3.359663 , -10.611830 ,23068
 1000 , 1000 , 1000 , 1000 , 2.426412 , -10.050698 , 3.296537 , -10.568648 ,23101
 999 , 999 , 999 , 999 , 2.335245 , -10.010011 , 3.254483 , -10.525671 ,23134
 1000 , 1000 , 1000 , 1000 , 2.468582 , -9.893404 , 3.239643 , -10.484194 ,23168
 1000 , 1000 , 1000 , 1000 , 2.637989 , -9.897765 , 3.253344 , -10.444683 ,23201
 999 , 999 , 999 , 999 , 2.959573 , -9.837413 , 3.292522 , -10.407475 ,23234
 999 , 999 , 999 , 999 , 3.450125 , -9.758198 , 3.351032 , -10.371677 ,23268
 999 , 999 , 999 , 999 , 3.906383 , -9.806209 , 3.419321 , -10.337489 ,23301
 1000 , 1000 , 1000 , 1000 , 4.383155 , -9.898286 , 3.486673 , -10.305739 ,23334
 999 , 999 , 999 , 999 , 4.646952 , -9.901328 , 3.542563 , -10.275920 ,23368
 999 , 999 , 999 , 999 , 4.698910 , -9.882597 , 3.577470 , -10.247061 ,23401
 1000 , 1000 , 1000 , 1000 , 4.671350 , -9.841884 , 3.586688 , -10.218920 ,23434
 1000 , 1000 , 1000 , 1000 , 4.369431 , -9.928759 , 3.569461 , -10.192292 ,23468
 999 , 999 , 999 , 999 , 4.046382 , -9.887019 , 3.528934 , -10.167580 ,23501
 1000 , 1000 , 1000 , 1000 , 3.511197 , -9.863097 , 3.472237 , -10.144904 ,23534
 1000 , 1000 , 1000 , 1000 , 2.991199 , -9.702696 , 3.408315 , -10.124216 ,23568
 1000 , 1000 , 1000 , 1000 , 2.533264 , -9.608988 , 3.347956 , -10.105491 ,23601
 1000 , 1000 , 1000 , 1000 , 2.265036 , -9.464713 , 3.301301 , -10.089641 ,23634
 1000 , 1000 , 1000 , 1000 , 2.159119 , -9.418830 , 3.275885 , -10.077676 ,23668
 1000 , 1000 , 1000 , 1000 , 2.118911 , -9.297071 , 3.275655 , -10.070161 ,23701
 1000 , 1000 , 1000 , 1000 , 2.373930 , -9.127032 , 3.300253 , -10.067055 ,23734
 1000 , 1000 , 1000 , 1000 , 2.816524 , -9.104094 , 3.346037 , -10.069321 ,23768
 999 , 999 , 999 , 999 , 3.295129 , -8.934842 , 3.405479 , -10.077085 ,23801
 1000 , 1000 , 1000 , 1000 , 3.775954 , -8.957426 , 3.468034 , -10.090352 ,23834
 1000 , 1000 , 1000 , 1000 , 4.139611 , -8.886929 , 3.523121 , -10.109646 ,23868
 999 , 999 , 999 , 999 , 4.458462 , -9.053870 , 3.561786 , -10.135428 ,23901
 1000 , 1000 , 1000 , 1000 , 4.594133 , -9.081028 , 3.578030 , -10.167356 ,23934
 999 , 999 , 999 , 999 , 4.639718 , -9.296529 , 3.568887 , -10.205022 ,23968
 999 , 999 , 999 , 999 , 4.308340 , -9.365349 , 3.534759 , -10.247791 ,24001
 1000 , 1000 , 1000 , 1000 , 3.954017 , -9.742044 , 3.480947 , -10.295626 ,24034
 999 , 999 , 999 , 999 , 3.603609 , -9.949967 , 3.416893 , -10.347744 ,24068
 999 , 999 , 999 , 999 , 3.208603 , -10.323333 , 3.352970 , -10.402699 ,24101
 999 , 999 , 999 , 999 , 2.852939 , -10.602471 , 3.299146 , -10.460104 ,24134
 1000 , 1000 , 1000 , 1000 , 2.598958 , -10.959662 , 3.264481 , -10.518640 ,24168
 1000 , 1000 , 1000 , 1000 , 2.463010 , -11.329717 , 3.254838 , -10.577259 ,24201
 999 , 999 , 999 , 999 , 2.603998 , -11.748935 , 3.272470 , -10.634473 ,24234
 1000 , 1000 , 1000 , 1000 , 2.792093 , -11.992924 , 3.314857 , -10.688051 ,24268
 1000 , 1000 , 1000 , 1000 , 3.132610 , -12.294451 , 3.375464 , -10.736320 ,24301
 999 , 999 , 999 , 999 , 3.530885 , -12.530764 , 3.445574 , -10.777597 ,24334
 1000 , 1000 , 1000 , 1000 , 3.812747 , -12.695343 , 3.513927 , -10.810264 ,24368
 999 , 999 , 999 , 999 , 4.052475 , -12.822860 , 3.569526 , -10.833590 ,24401
 999 , 999 , 999 , 999 , 4.223958 , -12.807526 , 3.603866 , -10.846293 ,24434
 1000 , 1000 , 1000 , 1000 , 4.127588 , -12.693429 , 3.611455 , -10.847451 ,24468
 999 , 999 , 999 , 999 , 3.984990 , -12.574245 , 3.590978 , -10.837485 ,24501
 1000 , 1000 , 1000 , 1000 , 3.709642 , -12.366978 , 3.545727 , -10.816501 ,24534
 999 , 999 , 999 , 999 , 3.427588 , -11.885679 , 3.482986 , -10.783421 ,24568
 1000 , 1000 , 1000 , 1000 , 3.060021 , -11.516721 , 3.412145 , -10.739217 ,24601
 1000 , 1000 , 1000 , 1000 , 2.714116 , -11.234727 , 3.343435 , -10.686762 ,24634
 999 , 999 , 999 , 999 , 2.483961 , -10.778959 , 3.287558 , -10.627557 ,24668
 1000 , 1000 , 1000 , 1000 , 2.484259 , -10.299755 , 3.253726 , -10.562386 ,24701
 1000 , 1000 , 1000 , 1000 , 2.540653 , -9.911441 , 3.246668 , -10.493671 ,24734
 1000 , 1000 , 1000 , 1000 , 2.837704 , -9.484914 , 3.266582 , -10.423849 ,24768
 1000 , 1000 , 1000 , 1000 , 3.137532 , -9.137019 , 3.310225 , -10.354661 ,24801
 1000 , 1000 , 1000 , 1000 , 3.652855 , -8.817236 , 3.370806 , -10.287635 ,24834
 999 , 999 , 999 , 999 , 3.928397 , -8.649711 , 3.437891 , -10.224373 ,24868
 1000 , 1000 , 1000 , 1000 , 4.249655 , -8.482037 , 3.500330 , -10.166730 ,24901
 999 , 999 , 999 , 999 , 4.530794 , -8.338469 , 3.549660 , -10.115865 ,24934
 1000 , 1000 , 1000 , 1000 , 4.526540 , -8.287307 , 3.578357 , -10.072564 ,24968
 1000 , 1000 , 1000 , 1000 , 4.476940 , -8.243556 , 3.581862 , -10.037642 ,25001
 1000 , 1000 , 1000 , 1000 , 4.230389 , -8.429460 , 3.560497 , -10.012512 ,25034
 1000 , 1000 , 1000 , 1000 , 3.904619 , -8.534321 , 3.518518 , -9.997552 ,25068
 1000 , 1000 , 1000 , 1000 , 3.337312 , -8.721898 , 3.462440 , -9.992420 ,25101
 999 , 999 , 999 , 999 , 2.997648 , -9.026138 , 3.401737 , -9.997647 ,25134
 999 , 999 , 999 , 999 , 2.517061 , -9.162097 , 3.346304 , -10.012058 ,25168
 1000 , 1000 , 1000 , 1000 , 2.279562 , -9.469056 , 3.304627 , -10.034665 ,25201
 999 , 999 , 999 , 999 , 2.148530 , -9.692020 , 3.283253 , -10.064748 ,25234
 1000 , 1000 , 1000 , 1000 , 2.269866 , -9.951017 , 3.285567 , -10.100823 ,25268
 999 , 999 , 999 , 999 , 2.565212 , -10.217020 , 3.311267 , -10.142269 ,25301
 999 , 999 , 999 , 999 , 3.004536 , -10.481905 , 3.355610 , -10.187785 ,25334
 1000 , 1000 , 1000 , 1000 , 3.382333 , -10.646716 , 3.410651 , -10.235338 ,25368
 999 , 999 , 999 , 999 , 3.861380 , -10.679243 , 3.466915 , -10.282522 ,25401
 1000 , 1000 , 1000 , 1000 , 4.204567 , -10.809935 , 3.515482 , -10.328315 ,25434
 999 , 999 , 999 , 999 , 4.432427 , -10.857296 , 3.547891 , -10.372200 ,25468
 1000 , 1000 , 1000 , 1000 , 4.489949 , -10.837505 , 3.558260 , -10.412856 ,25501
 1000 , 1000 , 1000 , 1000 , 4.449365 , -10.940741 , 3.545284 , -10.450558 ,25534
 999 , 999 , 999 , 999 , 4.251078 , -10.851254 , 3.511250 , -10.484838 ,25568
 1000 , 1000 , 1000 , 1000 , 3.888004 , -10.774186 , 3.461157 , -10.514479 ,25601
 1000 , 1000 , 1000 , 1000 , 3.468830 , -10.787512 , 3.403035 , -10.540257 ,25634
 999 , 999 , 999 , 999 , 3.166628 , -10.701977 , 3.346867 , -10.562653 ,25668
 1000 , 1000 , 1000 , 1000 , 2.820873 , -10.638410 , 3.301864 , -10.581656 ,25701
 999 , 999 , 999 , 999 , 2.652920 , -10.683229 , 3.275707 , -10.598242 ,25734
 1000 , 1000 , 1000 , 1000 , 2.543012 , -10.676639 , 3.272894 , -10.613461 ,25768
 999 , 999 , 999 , 999 , 2.656025 , -10.778111 , 3.293937 , -10.627932 ,25801
 1000 , 1000 , 1000 , 1000 , 2.867452 , -10.829661 , 3.336588 , -10.641362 ,25834
 999 , 999 , 999 , 999 , 3.233816 , -10.920483 , 3.394686 , -10.653226 ,25868
 1000 , 1000 , 1000 , 1000 , 3.566737 , -10.961829 , 3.458892 , -10.663239 ,25901
 999 , 999 , 999 , 999 , 3.836072 , -11.123981 , 3.518934 , -10.671198 ,25934
 1000 , 1000 , 1000 , 1000 , 4.039305 , -11.176419 , 3.565445 , -10.676877 ,25968
 1000 , 1000 , 1000 , 1000 , 4.154302 , -11.318254 , 3.591454 , -10.680195 ,26001
 1000 , 1000 , 1000 , 1000 , 4.205469 , -11.447712 , 3.593163 , -10.680976 ,26034
 1000 , 1000 , 1000 , 1000 , 3.992822 , -11.532591 , 3.569643 , -10.678524 ,26068
 1000 , 1000 , 1000 , 1000 , 3.731763 , -11.480235 , 3.523993 , -10.671421 ,26101
 1000 , 1000 , 1000 , 1000 , 3.439150 , -11.507214 , 3.463603 , -10.658988 ,26134
 999 , 999 , 999 , 999 , 3.086073 , -11.526939 , 3.397533 , -10.641846 ,26168
 999 , 999 , 999 , 999 , 2.770725 , -11.438142 , 3.335660 , -10.619488 ,26201
 1000 , 1000 , 1000 , 1000 , 2.595757 , -11.317909 , 3.287545 , -10.591473 ,26234
 1000 , 1000 , 1000 , 1000 , 2.538914 , -11.085411 , 3.260045 , -10.557763 ,26268
 999 , 999 , 999 , 999 , 2.700709 , -10.946310 , 3.257451 , -10.519110 ,26301
 1000 , 1000 , 1000 , 1000 , 2.986078 , -10.787032 , 3.280095 , -10.476558 ,26334
 1000 , 1000 , 1000 , 1000 , 3.236656 , -10.436376 , 3.323388 , -10.429751 ,26368
 999 , 999 , 999 , 999 , 3.616663 , -10.140437 , 3.380403 , -10.379045 ,26401
 1000 , 1000 , 1000 , 1000 , 4.045773 , -9.858164 , 3.442729 , -10.325871 ,26434
 1000 , 1000 , 1000 , 1000 , 4.261855 , -9.611889 , 3.500350 , -10.271854 ,26468
 1000 , 1000 , 1000 , 1000 , 4.404713 , -9.273129 , 3.543985 , -10.218094 ,26501
 1000 , 1000 , 1000 , 1000 , 4.435657 , -9.034960 , 3.567412 , -10.165905 ,26534
 999 , 999 , 999 , 999 , 4.258747 , -8.664208 , 3.567033 , -10.116431 ,26568
 999 , 999 , 999 , 999 , 4.090737 , -8.515073 , 3.543931 , -10.071576 ,26601
 1000 , 1000 , 1000 , 1000 , 3.701585 , -8.342134 , 3.502674 , -10.033425 ,26634
 1000 , 1000 , 1000 , 1000 , 3.244338 , -8.330938 , 3.449499 , -10.003978 ,26668
 999 , 999 , 999 , 999 , 2.835928 , -8.223519 , 3.393400 , -9.984330 ,26701
 1000 , 1000 , 1000 , 1000 , 2.588130 , -8.248377 , 3.343697 , -9.974512 ,26734
 1000 , 1000 , 1000 , 1000 , 2.334632 , -8.326401 , 3.308289 , -9.975766 ,26768
 999 , 999 , 999 , 999 , 2.304116 , -8.463429 , 3.292537 , -9.988448 ,26801
 1000 , 1000 , 1000 , 1000 , 2.495048 , -8.620841 , 3.298890 , -10.012007 ,26834
 999 , 999 , 999 , 999 , 2.705777 , -8.917305 , 3.325779 , -10.046086 ,26868
 999 , 999 , 999 , 999 , 3.046887 , -9.243789 , 3.367905 , -10.090378 ,26901
 1000 , 1000 , 1000 , 1000 , 3.443120 , -9.560968 , 3.418089 , -10.143306 ,26934
 999 , 999 , 999 , 999 , 3.935290 , -9.947740 , 3.468384 , -10.203100 ,26968
 999 , 999 , 999 , 999 , 4.254040 , -10.329283 , 3.510257 , -10.268212 ,27001
 1000 , 1000 , 1000 , 1000 , 4.401443 , -10.696288 , 3.535731 , -10.336541 ,27034
 1000 , 1000 , 1000 , 1000 , 4.471956 , -10.992185 , 3.540641 , -10.405598 ,27068
 1000 , 1000 , 1000 , 1000 , 4.433774 , -11.329949 , 3.525255 , -10.473466 ,27101
 999 , 999 , 999 , 999 , 4.168313 , -11.654669 , 3.491581 , -10.538673 ,27134
 999 , 999 , 999 , 999 , 3.843708 , -11.850232 , 3.444541 , -10.599159 ,27168
 1000 , 1000 , 1000 , 1000 , 3.498822 , -12.036361 , 3.392583 , -10.653576 ,27201
 1000 , 1000 , 1000 , 1000 , 3.060723 , -12.221261 , 3.343817 , -10.701142 ,27234
 1000 , 1000 , 1000 , 1000 , 2.789611 , -12.290402 , 3.306359 , -10.740765 ,27268
 999 , 999 , 999 , 999 , 2.647138 , -12.312984 , 3.287166 , -10.771667 ,27301
 999 , 999 , 999 , 999 , 2.663398 , -12.229058 , 3.289988 , -10.792888 ,27334
 1000 , 1000 , 1000 , 1000 , 2.720227 , -12.144544 , 3.314612 , -10.804326 ,27368
 999 , 999 , 999 , 999 , 2.931953 , -12.095982 , 3.357176 , -10.806880 ,27401
 1000 , 1000 , 1000 , 1000 , 3.264392 , -11.826579 , 3.411921 , -10.800206 ,27434
 1000 , 1000 , 1000 , 1000 , 3.528933 , -11.660356 , 3.470207 , -10.784509 ,27468
 1000 , 1000 , 1000 , 1000 , 3.818838 , -11.428968 , 3.522687 , -10.760810 ,27501
 1000 , 1000 , 1000 , 1000 , 3.932674 , -11.209738 , 3.560987 , -10.730249 ,27534
 999 , 999 , 999 , 999 , 4.103543 , -10.918213 , 3.579607 , -10.693910 ,27568
 1000 , 1000 , 1000 , 1000 , 3.980265 , -10.694566 , 3.575375 , -10.652924 ,27601
 1000 , 1000 , 1000 , 1000 , 3.879252 , -10.402852 , 3.548494 , -10.608427 ,27634
 999 , 999 , 999 , 999 , 3.658637 , -10.106758 , 3.503720 , -10.561226 ,27668
 999 , 999 , 999 , 999 , 3.357585 , -9.996349 , 3.447332 , -10.513341 ,27701
 1000 , 1000 , 1000 , 1000 , 3.103319 , -9.770775 , 3.387701 , -10.465878 ,27734
 1000 , 1000 , 1000 , 1000 , 2.898632 , -9.599526 , 3.334155 , -10.419360 ,27768
 999 , 999 , 999 , 999 , 2.712280 , -9.499181 , 3.294684 , -10.374926 ,27801
 999 , 999 , 999 , 999 , 2.672167 , -9.377522 , 3.274671 , -10.333239 ,27834
 999 , 999 , 999 , 999 , 2.909513 , -9.413369 , 3.277855 , -10.295600 ,27868
 999 , 999 , 999 , 999 , 3.097737 , -9.411733 , 3.303492 , -10.262298 ,27901
 1000 , 1000 , 1000 , 1000 , 3.433283 , -9.448380 , 3.346959 , -10.232929 ,27934
 1000 , 1000 , 1000 , 1000 , 3.779589 , -9.540108 , 3.401810 , -10.207764 ,27968
 999 , 999 , 999 , 999 , 3.997510 , -9.557648 , 3.458756 , -10.186109 ,28001
 1000 , 1000 , 1000 , 1000 , 4.242507 , -9.656829 , 3.509184 , -10.167605 ,28034
 999 , 999 , 999 , 999 , 4.373896 , -9.829131 , 3.545855 , -10.152800 ,28068
 999 , 999 , 999 , 999 , 4.329925 , -9.780501 , 3.563391 , -10.140742 ,28101
 1000 , 1000 , 1000 , 1000 , 4.182256 , -9.811347 , 3.559668 , -10.130962 ,28134
 1000 , 1000 , 1000 , 1000 , 3.918164 , -9.836032 , 3.535567 , -10.124003 ,28168
 1000 , 1000 , 1000 , 1000 , 3.603942 , -9.841353 , 3.495636 , -10.119459 ,28201
 999 , 999 , 999 , 999 , 3.163890 , -9.844727 , 3.446563 , -10.117494 ,28234
 999 , 999 , 999 , 999 , 2.785424 , -9.765333 , 3.395981 , -10.118175 ,28268
 1000 , 1000 , 1000 , 1000 , 2.509257 , -9.620437 , 3.352168 , -10.121112 ,28301
 999 , 999 , 999 , 999 , 2.377268 , -9.632686 , 3.322233 , -10.127193 ,28334
 1000 , 1000 , 1000 , 1000 , 2.380134 , -9.548426 , 3.310656 , -10.136948 ,28368
 999 , 999 , 999 , 999 , 2.587600 , -9.460217 , 3.319162 , -10.150229 ,28401
 999 , 999 , 999 , 999 , 3.178383 , -9.410999 , 3.386278 , -10.189060 ,28468
 999 , 999 , 999 , 999 , 3.691404 , -9.412509 , 3.432768 , -10.214499 ,28501
 1000 , 1000 , 1000 , 1000 , 3.986874 , -9.409223 , 3.478073 , -10.243900 ,28534
 999 , 999 , 999 , 999 , 4.218871 , -9.555141 , 3.513993 , -10.277200 ,28568
 1000 , 1000 , 1000 , 1000 , 4.331763 , -9.798410 , 3.534936 , -10.315059 ,28601
 1000 , 1000 , 1000 , 1000 , 4.324437 , -9.881402 , 3.537068 , -10.356302 ,28634
 1000 , 1000 , 1000 , 1000 , 4.282725 , -9.984701 , 3.520502 , -10.399126 ,28668
 1000 , 1000 , 1000 , 1000 , 4.036088 , -10.251135 , 3.488409 , -10.443459 ,28701
 1000 , 1000 , 1000 , 1000 , 3.684708 , -10.525646 , 3.445374 , -10.489159 ,28734
 999 , 999 , 999 , 999 , 3.397460 , -10.857625 , 3.398813 , -10.535591 ,28768
 999 , 999 , 999 , 999 , 3.008846 , -11.128693 , 3.356561 , -10.581638 ,28801
 999 , 999 , 999 , 999 , 2.783576 , -11.435334 , 3.325445 , -10.626202 ,28834
 999 , 999 , 999 , 999 , 2.638873 , -11.715478 , 3.310695 , -10.668314 ,28868
 999 , 999 , 999 , 999 , 2.624243 , -12.028370 , 3.315254 , -10.706702 ,28901
 999 , 999 , 999 , 999 , 2.745215 , -12.148962 , 3.338865 , -10.739588 ,28934
 1000 , 1000 , 1000 , 1000 , 2.998677 , -12.285704 , 3.377898 , -10.765491 ,28968
 1000 , 1000 , 1000 , 1000 , 3.284616 , -12.431540 , 3.426458 , -10.783589 ,29001
 1000 , 1000 , 1000 , 1000 , 3.476602 , -12.440700 , 3.476420 , -10.792805 ,29034
 1000 , 1000 , 1000 , 1000 , 3.725060 , -12.484133 , 3.519697 , -10.792811 ,29068
 999 , 999 , 999 , 999 , 3.984140 , -12.252637 , 3.549871 , -10.782546 ,29101
 1000 , 1000 , 1000 , 1000 , 4.071507 , -12.159739 , 3.562352 , -10.762069 ,29134
 1000 , 1000 , 1000 , 1000 , 4.016865 , -11.937087 , 3.554637 , -10.732378 ,29168
 999 , 999 , 999 , 999 , 3.870489 , -11.531598 , 3.527400 , -10.692639 ,29201
 999 , 999 , 999 , 999 , 3.629676 , -11.264323 , 3.484956 , -10.644246 ,29234
 999 , 999 , 999 , 999 , 3.386621 , -10.770148 , 3.433922 , -10.588510 ,29268
 1000 , 1000 , 1000 , 1000 , 3.112323 , -10.385703 , 3.381724 , -10.526160 ,29301
 1000 , 1000 , 1000 , 1000 , 2.896174 , -9.960227 , 3.336215 , -10.459634 ,29334
 1000 , 1000 , 1000 , 1000 , 2.832654 , -9.522573 , 3.304981 , -10.390569 ,29368
 999 , 999 , 999 , 999 , 2.859668 , -9.180995 , 3.292671 , -10.321319 ,29401
 1000 , 1000 , 1000 , 1000 , 3.010450 , -8.860069 , 3.300702 , -10.254257 ,29434
 999 , 999 , 999 , 999 , 3.263242 , -8.508393 , 3.328053 , -10.190461 ,29468
 999 , 999 , 999 , 999 , 3.459105 , -8.342403 , 3.370209 , -10.131870 ,29501
 1000 , 1000 , 1000 , 1000 , 3.762408 , -8.248612 , 3.420554 , -10.080643 ,29534
 999 , 999 , 999 , 999 , 3.985182 , -8.235238 , 3.471388 , -10.038177 ,29568
 1000 , 1000 , 1000 , 1000 , 4.201281 , -8.166220 , 3.515096 , -10.004753 ,29601
 1000 , 1000 , 1000 , 1000 , 4.204349 , -8.254093 , 3.545256 , -9.980813 ,29634
 999 , 999 , 999 , 999 , 4.106753 , -8.289358 , 3.557081 , -9.966928 ,29668
 1000 , 1000 , 1000 , 1000 , 3.988383 , -8.569625 , 3.549459 , -9.963530 ,29701
 999 , 999 , 999 , 999 , 3.834082 , -8.803243 , 3.524542 , -9.970890 ,29734
 1000 , 1000 , 1000 , 1000 , 3.393814 , -9.028366 , 3.485834 , -9.987875 ,29768
 999 , 999 , 999 , 999 , 3.086188 , -9.281163 , 3.439460 , -10.013393 ,29801
 999 , 999 , 999 , 999 , 2.779857 , -9.554080 , 3.393300 , -10.046761 ,29834
 1000 , 1000 , 1000 , 1000 , 2.602405 , -9.847898 , 3.354463 , -10.087021 ,29868
 999 , 999 , 999 , 999 , 2.512010 , -10.124444 , 3.328680 , -10.132604 ,29901
 1000 , 1000 , 1000 , 1000 , 2.468070 , -10.343287 , 3.319183 , -10.181723 ,29934
 999 , 999 , 999 , 999 , 2.728748 , -10.538079 , 3.327235 , -10.232998 ,29968
 999 , 999 , 999 , 999 , 2.923488 , -10.810268 , 3.350941 , -10.285356 ,30001
 1000 , 1000 , 1000 , 1000 , 3.302586 , -10.993527 , 3.385916 , -10.337513 ,30034
 999 , 999 , 999 , 999 , 3.699303 , -11.009431 , 3.426383 , -10.387505 ,30068
 999 , 999 , 999 , 999 , 3.974947 , -11.161687 , 3.465009 , -10.434343 ,30101
 1000 , 1000 , 1000 , 1000 , 4.172626 , -11.086983 , 3.495066 , -10.476731 ,30134
 999 , 999 , 999 , 999 , 4.292521 , -11.122455 , 3.511882 , -10.513919 ,30168
 999 , 999 , 999 , 999 , 4.349897 , -11.102897 , 3.513160 , -10.546068 ,30201
 1000 , 1000 , 1000 , 1000 , 4.162020 , -11.058497 , 3.498465 , -10.572509 ,30234
 1000 , 1000 , 1000 , 1000 , 3.946512 , -11.061483 , 3.470220 , -10.593907 ,30268
 999 , 999 , 999 , 999 , 3.692641 , -10.961293 , 3.433734 , -10.610563 ,30301
 1000 , 1000 , 1000 , 1000 , 3.336391 , -10.947525 , 3.395072 , -10.622683 ,30334
 999 , 999 , 999 , 999 , 3.048629 , -10.906204 , 3.360319 , -10.630988 ,30368
 999 , 999 , 999 , 999 , 2.863890 , -10.798955 , 3.336040 , -10.635448 ,30401
 999 , 999 , 999 , 999 , 2.742648 , -10.855681 , 3.326818 , -10.637356 ,30434
 999 , 999 , 999 , 999 , 2.704774 , -10.784019 , 3.333935 , -10.637161 ,30468
 999 , 999 , 999 , 999 , 2.860862 , -10.828609 , 3.356931 , -10.634706 ,30501
 1000 , 1000 , 1000 , 1000 , 2.918406 , -10.883085 , 3.392077 , -10.630805 ,30534
 999 , 999 , 999 , 999 , 3.319964 , -10.855434 , 3.434310 , -10.625027 ,30568
 999 , 999 , 999 , 999 , 3.590914 , -10.994952 , 3.477531 , -10.617845 ,30601
 1000 , 1000 , 1000 , 1000 , 3.758022 , -11.050713 , 3.513882 , -10.609287 ,30634
 1000 , 1000 , 1000 , 1000 , 3.879512 , -11.104742 , 3.537195 , -10.598373 ,30668
 999 , 999 , 999 , 999 , 3.961996 , -11.053216 , 3.544255 , -10.584620 ,30701
 999 , 999 , 999 , 999 , 3.949430 , -11.055984 , 3.533858 , -10.567906 ,30734
 1000 , 1000 , 1000 , 1000 , 3.851282 , -10.991310 , 3.506749 , -10.547768 ,30768
 1000 , 1000 , 1000 , 1000 , 3.571855 , -11.032622 , 3.466419 , -10.524268 ,30801
 999 , 999 , 999 , 999 , 3.387969 , -11.008020 , 3.419405 , -10.497955 ,30834
 1000 , 1000 , 1000 , 1000 , 3.166977 , -10.812855 , 3.373296 , -10.467603 ,30868
 999 , 999 , 999 , 999 , 3.009494 , -10.636604 , 3.334704 , -10.432755 ,30901
 999 , 999 , 999 , 999 , 2.978462 , -10.478246 , 3.309160 , -10.394566 ,30934
 1000 , 1000 , 1000 , 1000 , 2.989088 , -10.330447 , 3.300687 , -10.354068 ,30968
 999 , 999 , 999 , 999 , 2.999973 , -10.074194 , 3.310228 , -10.311551 ,31001
 1000 , 1000 , 1000 , 1000 , 3.244440 , -9.898904 , 3.336411 , -10.267805 ,31034
 999 , 999 , 999 , 999 , 3.481736 , -9.702868 , 3.375588 , -10.224131 ,31068
 999 , 999 , 999 , 999 , 3.652508 , -9.443912 , 3.420988 , -10.181112 ,31101
 1000 , 1000 , 1000 , 1000 , 3.991303 , -9.187654 , 3.466482 , -10.139392 ,31134
 1000 , 1000 , 1000 , 1000 , 4.014491 , -8.919875 , 3.504980 , -10.100123 ,31168
 1000 , 1000 , 1000 , 1000 , 4.152382 , -8.805105 , 3.530592 , -10.064878 ,31201
 1000 , 1000 , 1000 , 1000 , 4.042285 , -8.569056 , 3.540200 , -10.034873 ,31234
 1000 , 1000 , 1000 , 1000 , 3.937767 , -8.466061 , 3.532696 , -10.011144 ,31268
 1000 , 1000 , 1000 , 1000 , 3.669889 , -8.539367 , 3.510030 , -9.995753 ,31301
 1000 , 1000 , 1000 , 1000 , 3.397106 , -8.491906 , 3.475472 , -9.989689 ,31334
 999 , 999 , 999 , 999 , 3.187178 , -8.471836 , 3.435095 , -9.992479 ,31368
 999 , 999 , 999 , 999 , 2.858826 , -8.591610 , 3.395145 , -10.004494 ,31401
 1000 , 1000 , 1000 , 1000 , 2.615848 , -8.768636 , 3.361139 , -10.026741 ,31434
 1000 , 1000 , 1000 , 1000 , 2.602971 , -8.948110 , 3.338746 , -10.058761 ,31468
 1000 , 1000 , 1000 , 1000 , 2.698978 , -9.144464 , 3.331696 , -10.099524 ,31501
 999 , 999 , 999 , 999 , 2.874055 , -9.484559 , 3.340213 , -10.148758 ,31534
 999 , 999 , 999 , 999 , 3.154959 , -9.845384 , 3.362082 , -10.205306 ,31568
 999 , 999 , 999 , 999 , 3.415156 , -10.102816 , 3.393429 , -10.267076 ,31601
 1000 , 1000 , 1000 , 1000 , 3.768399 , -10.505511 , 3.428903 , -10.332417 ,31634
 999 , 999 , 999 , 999 , 3.994066 , -10.891978 , 3.462397 , -10.400100 ,31668
 999 , 999 , 999 , 999 , 4.167246 , -11.251658 , 3.488012 , -10.467989 ,31701
 999 , 999 , 999 , 999 , 4.185297 , -11.622883 , 3.501641 , -10.534246 ,31734
 999 , 999 , 999 , 999 , 4.202197 , -11.798194 , 3.501436 , -10.596698 ,31768
 1000 , 1000 , 1000 , 1000 , 4.131426 , -12.011189 , 3.487984 , -10.653093 ,31801
 999 , 999 , 999 , 999 , 3.940054 , -12.172820 , 3.463898 , -10.702395 ,31834
 999 , 999 , 999 , 999 , 3.594445 , -12.384967 , 3.432922 , -10.744190 ,31868
 1000 , 1000 , 1000 , 1000 , 3.228685 , -12.465970 , 3.399781 , -10.777642 ,31901
 999 , 999 , 999 , 999 , 3.052706 , -12.465184 , 3.370730 , -10.801651 ,31934
 1000 , 1000 , 1000 , 1000 , 2.839777 , -12.397193 , 3.351442 , -10.815830 ,31968
 1000 , 1000 , 1000 , 1000 , 2.764262 , -12.256745 , 3.344948 , -10.820030 ,32001
 1002 , 1002 , 1002 , 1002 , 2.774827 , -12.091077 , 3.352417 , -10.814747 ,32034
 1000 , 1000 , 1000 , 1000 , 2.814056 , -11.891375 , 3.373033 , -10.800674 ,32068
 999 , 999 , 999 , 999 , 3.036569 , -11.668019 , 3.403903 , -10.778328 ,32101
 999 , 999 , 999 , 999 , 3.305220 , -11.318487 , 3.440558 , -10.748090 ,32134
 999 , 999 , 999 , 999 , 3.460593 , -11.120663 , 3.476579 , -10.711335 ,32168
 999 , 999 , 999 , 999 , 3.723867 , -10.835809 , 3.506498 , -10.669866 ,32201
 999 , 999 , 999 , 999 , 3.856004 , -10.550773 , 3.526012 , -10.624541 ,32234
 1000 , 1000 , 1000 , 1000 , 3.886304 , -10.284395 , 3.531090 , -10.576412 ,32268
 1000 , 1000 , 1000 , 1000 , 3.888744 , -10.084569 , 3.520901 , -10.526746 ,32301
 999 , 999 , 999 , 999 , 3.782997 , -9.877511 , 3.497309 , -10.476783 ,32334
 1000 , 1000 , 1000 , 1000 , 3.558938 , -9.637570 , 3.462952 , -10.427464 ,32368
 1000 , 1000 , 1000 , 1000 , 3.398363 , -9.477535 , 3.422747 , -10.379697 ,32401
 1000 , 1000 , 1000 , 1000 , 3.235379 , -9.310761 , 3.383382 , -10.334279 ,32434
 1000 , 1000 , 1000 , 1000 , 3.180830 , -9.309080 , 3.351043 , -10.292572 ,32468
 999 , 999 , 999 , 999 , 3.024185 , -9.257011 , 3.329805 , -10.255445 ,32501
 1000 , 1000 , 1000 , 1000 , 3.064856 , -9.312105 , 3.322845 , -10.223150 ,32534
 1000 , 1000 , 1000 , 1000 , 3.104561 , -9.309568 , 3.331591 , -10.195961 ,32568
 999 , 999 , 999 , 999 , 3.223054 , -9.355143 , 3.354106 , -10.173286 ,32601
 1000 , 1000 , 1000 , 1000 , 3.502326 , -9.507436 , 3.387577 , -10.155601 ,32634
 1000 , 1000 , 1000 , 1000 , 3.572537 , -9.542199 , 3.426596 , -10.142302 ,32668
 999 , 999 , 999 , 999 , 3.756567 , -9.673652 , 3.464907 , -10.132814 ,32701
 999 , 999 , 999 , 999 , 3.895499 , -9.710092 , 3.497247 , -10.127043 ,32734
 999 , 999 , 999 , 999 , 3.891417 , -9.740929 , 3.518320 , -10.124113 ,32768
 1000 , 1000 , 1000 , 1000 , 3.874040 , -9.758565 , 3.525423 , -10.123591 ,32801
 1000 , 1000 , 1000 , 1000 , 3.780098 , -9.815110 , 3.518166 , -10.125590 ,32834
 1000 , 1000 , 1000 , 1000 , 3.530528 , -9.862986 , 3.497534 , -10.130667 ,32868
 999 , 999 , 999 , 999 , 3.310114 , -9.838069 , 3.466818 , -10.138354 ,32901
 999 , 999 , 999 , 999 , 3.189286 , -9.786030 , 3.431597 , -10.148280 ,32934
 1000 , 1000 , 1000 , 1000 , 2.887721 , -9.703968 , 3.396877 , -10.160419 ,32968
 999 , 999 , 999 , 999 , 2.793968 , -9.638274 , 3.367767 , -10.174855 ,33001
 1000 , 1000 , 1000 , 1000 , 2.805697 , -9.686824 , 3.349260 , -10.192321 ,33034
 999 , 999 , 999 , 999 , 2.846759 , -9.688753 , 3.343469 , -10.213201 ,33068
 1000 , 1000 , 1000 , 1000 , 3.072966 , -9.664394 , 3.351094 , -10.237253 ,33101
 1000 , 1000 , 1000 , 1000 , 3.217905 , -9.694846 , 3.370296 , -10.264476 ,33134
 1000 , 1000 , 1000 , 1000 , 3.433983 , -9.748249 , 3.397202 , -10.294823 ,33168
 1000 , 1000 , 1000 , 1000 , 3.728578 , -9.767107 , 3.427799 , -10.327593 ,33201
 999 , 999 , 999 , 999 , 3.919196 , -9.955563 , 3.457002 , -10.362692 ,33234
 1000 , 1000 , 1000 , 1000 , 3.972373 , -10.041822 , 3.479305 , -10.399783 ,33268
 999 , 999 , 999 , 999 , 4.100856 , -10.236927 , 3.491610 , -10.438276 ,33301
 1000 , 1000 , 1000 , 1000 , 4.143662 , -10.434789 , 3.493059 , -10.478021 ,33334
 999 , 999 , 999 , 999 , 3.965052 , -10.607512 , 3.482927 , -10.518036 ,33368
 1000 , 1000 , 1000 , 1000 , 3.744830 , -10.886607 , 3.462611 , -10.557539 ,33401
 999 , 999 , 999 , 999 , 3.528678 , -11.204602 , 3.436325 , -10.596033 ,33434
 999 , 999 , 999 , 999 , 3.243142 , -11.406647 , 3.408509 , -10.632332 ,33468
 1000 , 1000 , 1000 , 1000 , 3.095738 , -11.660060 , 3.384153 , -10.665512 ,33501
 999 , 999 , 999 , 999 , 2.874289 , -11.860131 , 3.367189 , -10.694685 ,33534
 999 , 999 , 999 , 999 , 2.814626 , -12.032088 , 3.360734 , -10.718734 ,33568
 1000 , 1000 , 1000 , 1000 , 2.801071 , -12.101192 , 3.366075 , -10.736534 ,33601
 999 , 999 , 999 , 999 , 2.976624 , -12.168238 , 3.382275 , -10.747172 ,33634
 999 , 999 , 999 , 999 , 3.151383 , -12.232285 , 3.407610 , -10.750336 ,33668
 999 , 999 , 999 , 999 , 3.232265 , -12.175609 , 3.436931 , -10.745506 ,33701
 999 , 999 , 999 , 999 , 3.543267 , -12.118799 , 3.465716 , -10.732614 ,33734
 999 , 999 , 999 , 999 , 3.569412 , -11.922167 , 3.489187 , -10.711302 ,33768
 999 , 999 , 999 , 999 , 3.801425 , -11.582806 , 3.503176 , -10.680828 ,33801
 999 , 999 , 999 , 999 , 3.833239 , -11.293445 , 3.505687 , -10.641891 ,33834
 1000 , 1000 , 1000 , 1000 , 3.843857 , -11.022775 , 3.495736 , -10.595794 ,33868
 1000 , 1000 , 1000 , 1000 , 3.731558 , -10.653592 , 3.474872 , -10.543459 ,33901
 1000 , 1000 , 1000 , 1000 , 3.623842 , -10.270595 , 3.445979 , -10.486238 ,33934
 1000 , 1000 , 1000 , 1000 , 3.454092 , -9.851624 , 3.413199 , -10.425429 ,33968
 999 , 999 , 999 , 999 , 3.345836 , -9.509097 , 3.381784 , -10.362745 ,34001
 1000 , 1000 , 1000 , 1000 , 3.220153 , -9.208147 , 3.356616 , -10.300467 ,34034
 999 , 999 , 999 , 999 , 3.124943 , -8.867025 , 3.341151 , -10.240048 ,34068
 1000 , 1000 , 1000 , 1000 , 3.141311 , -8.697975 , 3.337793 , -10.183628 ,34101
 1000 , 1000 , 1000 , 1000 , 3.206324 , -8.514207 , 3.347323 , -10.133206 ,34134
 1000 , 1000 , 1000 , 1000 , 3.311703 , -8.398884 , 3.368801 , -10.089732 ,34168
 1000 , 1000 , 1000 , 1000 , 3.418590 , -8.369375 , 3.399109 , -10.054557 ,34201
 1000 , 1000 , 1000 , 1000 , 3.599079 , -8.368171 , 3.434068 , -10.027950 ,34234
 1000 , 1000 , 1000 , 1000 , 3.725512 , -8.352097 , 3.469005 , -10.009168 ,34268
 1000 , 1000 , 1000 , 1000 , 3.837164 , -8.591833 , 3.499073 , -9.999349 ,34301
 999 , 999 , 999 , 999 , 3.957898 , -8.726055 , 3.520112 , -9.998886 ,34334
 999 , 999 , 999 , 999 , 3.928351 , -8.884293 , 3.528807 , -10.007009 ,34368
 1000 , 1000 , 1000 , 1000 , 3.762020 , -9.174713 , 3.522674 , -10.023787 ,34401
 999 , 999 , 999 , 999 , 3.581536 , -9.497950 , 3.502108 , -10.048851 ,34434
 1000 , 1000 , 1000 , 1000 , 3.440674 , -9.657528 , 3.471277 , -10.080631 ,34468
 1000 , 1000 , 1000 , 1000 , 3.170105 , -9.905296 , 3.434901 , -10.117870 ,34501
 1000 , 1000 , 1000 , 1000 , 3.012064 , -10.069352 , 3.398280 , -10.159561 ,34534
 999 , 999 , 999 , 999 , 2.858999 , -10.368909 , 3.367130 , -10.204663 ,34568
 999 , 999 , 999 , 999 , 2.829112 , -10.618420 , 3.345886 , -10.252197 ,34601
 1000 , 1000 , 1000 , 1000 , 2.905692 , -10.803621 , 3.337419 , -10.300622 ,34634
 1000 , 1000 , 1000 , 1000 , 3.075693 , -10.892688 , 3.342526 , -10.348350 ,34668
 999 , 999 , 999 , 999 , 3.247758 , -10.995651 , 3.359630 , -10.394287 ,34701
 1000 , 1000 , 1000 , 1000 , 3.367258 , -11.028939 , 3.384818 , -10.437611 ,34734
 999 , 999 , 999 , 999 , 3.624404 , -11.166284 , 3.414095 , -10.477744 ,34768
 999 , 999 , 999 , 999 , 3.853638 , -11.163325 , 3.443454 , -10.514104 ,34801
 999 , 999 , 999 , 999 , 4.069460 , -11.147123 , 3.468253 , -10.545856 ,34834
 999 , 999 , 999 , 999 , 4.201775 , -11.147543 , 3.484817 , -10.572947 ,34868
 1000 , 1000 , 1000 , 1000 , 4.044183 , -11.097071 , 3.490100 , -10.595487 ,34901
 999 , 999 , 999 , 999 , 4.013493 , -10.876536 , 3.483729 , -10.612712 ,34934
 999 , 999 , 999 , 999 , 3.780368 , -10.925079 , 3.467241 , -10.625575 ,34968
 999 , 999 , 999 , 999 , 3.428621 , -10.843503 , 3.442741 , -10.635399 ,35001
 999 , 999 , 999 , 999 , 3.289260 , -10.911758 , 3.415481 , -10.642565 ,35034
 999 , 999 , 999 , 999 , 3.108048 , -10.877557 , 3.391238 , -10.647411 ,35068
 999 , 999 , 999 , 999 , 2.902515 , -10.915338 , 3.373444 , -10.649924 ,35101
 1000 , 1000 , 1000 , 1000 , 2.811817 , -10.958118 , 3.364934 , -10.650354 ,35134
 1000 , 1000 , 1000 , 1000 , 2.786759 , -10.966078 , 3.367413 , -10.648625 ,35168
 1000 , 1000 , 1000 , 1000 , 2.898187 , -11.115941 , 3.380745 , -10.645391 ,35201
 999 , 999 , 999 , 999 , 3.086424 , -11.068958 , 3.403093 , -10.639763 ,35234
 1000 , 1000 , 1000 , 1000 , 3.379815 , -11.039466 , 3.431148 , -10.630336 ,35268
 999 , 999 , 999 , 999 , 3.470879 , -11.178926 , 3.459663 , -10.617655 ,35301
 1000 , 1000 , 1000 , 1000 , 3.677670 , -11.149734 , 3.483696 , -10.601389 ,35334
 1000 , 1000 , 1000 , 1000 , 3.842270 , -11.073273 , 3.499867 , -10.580252 ,35368
 1000 , 1000 , 1000 , 1000 , 3.764968 , -11.002422 , 3.504328 , -10.554317 ,35401
 999 , 999 , 999 , 999 , 3.875451 , -10.883975 , 3.496196 , -10.523713 ,35434
 1000 , 1000 , 1000 , 1000 , 3.822054 , -10.762426 , 3.477064 , -10.488710 ,35468
 999 , 999 , 999 , 999 , 3.702392 , -10.688749 , 3.448982 , -10.450378 ,35501
 999 , 999 , 999 , 999 , 3.636472 , -10.380038 , 3.416343 , -10.407997 ,35534
 1000 , 1000 , 1000 , 1000 , 3.427196 , -10.235430 , 3.384232 , -10.361726 ,35568
 1000 , 1000 , 1000 , 1000 , 3.261440 , -10.114363 , 3.357143 , -10.313448 ,35601
 1000 , 1000 , 1000 , 1000 , 3.222502 , -9.777472 , 3.339926 , -10.263555 ,35634
 999 , 999 , 999 , 999 , 3.040499 , -9.512045 , 3.334745 , -10.212936 ,35668
 1000 , 1000 , 1000 , 1000 , 3.063782 , -9.267807 , 3.342290 , -10.163729 ,35701
 1000 , 1000 , 1000 , 1000 , 3.233456 , -9.100563 , 3.362652 , -10.117709 ,35734
 1000 , 1000 , 1000 , 1000 , 3.392864 , -8.957704 , 3.393081 , -10.076230 ,35768
 999 , 999 , 999 , 999 , 3.462953 , -8.733027 , 3.428942 , -10.039906 ,35801
 999 , 999 , 999 , 999 , 3.691987 , -8.582394 , 3.465641 , -10.008944 ,35834
 999 , 999 , 999 , 999 , 3.806810 , -8.570722 , 3.498435 , -9.984905 ,35868
 999 , 999 , 999 , 999 , 3.825032 , -8.458426 , 3.521947 , -9.969189 ,35901
 1000 , 1000 , 1000 , 1000 , 3.897216 , -8.440921 , 3.533146 , -9.962099 ,35934
 1000 , 1000 , 1000 , 1000 , 3.804774 , -8.514728 , 3.530788 , -9.964292 ,35968
 1000 , 1000 , 1000 , 1000 , 3.632004 , -8.641153 , 3.514750 , -9.976248 ,36001
 999 , 999 , 999 , 999 , 3.456778 , -8.690154 , 3.487347 , -9.997368 ,36034
 999 , 999 , 999 , 999 , 3.340467 , -8.811927 , 3.453485 , -10.027349 ,36068
 1000 , 1000 , 1000 , 1000 , 3.141495 , -9.025821 , 3.418255 , -10.066609 ,36101
 1000 , 1000 , 1000 , 1000 , 2.974778 , -9.312692 , 3.386130 , -10.114652 ,36134
 999 , 999 , 999 , 999 , 2.895339 , -9.702352 , 3.361953 , -10.171105 ,36168
 1000 , 1000 , 1000 , 1000 , 2.973728 , -9.994631 , 3.349422 , -10.234877 ,36201
 1000 , 1000 , 1000 , 1000 , 3.035198 , -10.467376 , 3.349639 , -10.304453 ,36234
 999 , 999 , 999 , 999 , 3.233538 , -10.659075 , 3.362381 , -10.377233 ,36268
 999 , 999 , 999 , 999 , 3.439622 , -11.055185 , 3.385367 , -10.450966 ,36301
 999 , 999 , 999 , 999 , 3.705665 , -11.414371 , 3.414547 , -10.524588 ,36334
 1000 , 1000 , 1000 , 1000 , 3.801654 , -11.832027 , 3.444966 , -10.596459 ,36368
 1000 , 1000 , 1000 , 1000 , 4.086051 , -12.093236 , 3.472474 , -10.664682 ,36401
 999 , 999 , 999 , 999 , 4.089890 , -12.271701 , 3.492909 , -10.726636 ,36434
 999 , 999 , 999 , 999 , 4.083008 , -12.541900 , 3.502507 , -10.781102 ,36468
 1000 , 1000 , 1000 , 1000 , 4.004815 , -12.661764 , 3.500829 , -10.827061 ,36501
 1000 , 1000 , 1000 , 1000 , 3.893925 , -12.816100 , 3.488289 , -10.862896 ,36534
 1000 , 1000 , 1000 , 1000 , 3.673899 , -13.160277 , 3.465404 , -10.887119 ,36568
 1000 , 1000 , 1000 , 1000 , 3.128548 , -13.195354 , 3.432217 , -10.896127 ,36601
 1000 , 1000 , 1000 , 1000 , 3.146819 , -12.656299 , 3.394725 , -10.885698 ,36634
 999 , 999 , 999 , 999 , 2.497618 , -11.998624 , 3.360589 , -10.858258 ,36668
 999 , 999 , 999 , 999 , 2.396026 , -11.773535 , 3.337206 , -10.819768 ,36701
 1000 , 1000 , 1000 , 1000 , 2.683666 , -11.647498 , 3.332696 , -10.773525 ,36734
 1000 , 1000 , 1000 , 1000 , 3.137557 , -11.554852 , 3.344332 , -10.716908 ,36768
 1000 , 1000 , 1000 , 1000 , 3.184645 , -11.335731 , 3.359633 , -10.640380 ,36801
 999 , 999 , 999 , 999 , 3.028419 , -10.331452 , 3.366730 , -10.534778 ,36834
 1000 , 1000 , 1000 , 1000 , 3.008536 , -9.891939 , 3.362581 , -10.402111 ,36868
 1000 , 1000 , 1000 , 1000 , 2.824046 , -9.755103 , 3.344902 , -10.244459 ,36901
 1000 , 1000 , 1000 , 1000 , 3.513681 , -9.271770 , 3.310703 , -10.051059 ,36934
 999 , 999 , 999 , 999 , 3.145162 , -8.225941 , 3.257053 , -9.812393 ,36968
 1000 , 1000 , 1000 , 1000 , 2.024690 , -6.261881 , 3.184997 , -9.528551 ,37001
 999 , 999 , 999 , 999 , 2.181183 , -4.784157 , 3.113963 , -9.207421 ,37034
 999 , 999 , 999 , 999 , 1.725200 , -3.965135 , 3.059727 , -8.862388 ,37068
 1000 , 1000 , 1000 , 1000 , 1.366343 , -2.137741 , 3.026290 , -8.500856 ,37101
 999 , 999 , 999 , 999 , 1.886653 , -0.583545 , 3.022071 , -8.128752 ,37134
 999 , 999 , 999 , 999 , 1.772687 , 0.568261 , 3.048639 , -7.757098 ,37168
 1000 , 1000 , 1000 , 1000 , 2.366554 , 2.053589 , 3.101097 , -7.390179 ,37201
 999 , 999 , 999 , 999 , 2.788086 , 2.908826 , 3.172183 , -7.036329 ,37234
 999 , 999 , 999 , 999 , 3.218968 , 3.232395 , 3.251752 , -6.711504 ,37268
 999 , 999 , 999 , 999 , 3.824275 , 3.716774 , 3.332451 , -6.422858 ,37301
 1000 , 1000 , 1000 , 1000 , 4.165762 , 4.365141 , 3.404941 , -6.171864 ,37334
 1000 , 1000 , 1000 , 1000 , 4.415119 , 4.711000 , 3.459732 , -5.963647 ,37368
 1000 , 1000 , 1000 , 1000 , 3.974303 , 4.781622 , 3.488619 , -5.807005 ,37401
 1000 , 1000 , 1000 , 1000 , 4.322455 , 4.456131 , 3.493701 , -5.707240 ,37434
 1000 , 1000 , 1000 , 1000 , 4.195654 , 3.818535 , 3.478144 , -5.665264 ,37468
 999 , 999 , 999 , 999 , 3.439411 , 2.916985 , 3.438801 , -5.679394 ,37501
 999 , 999 , 999 , 999 , 3.757594 , 2.210880 , 3.383212 , -5.742666 ,37534
 1000 , 1000 , 1000 , 1000 , 3.097118 , 1.621726 , 3.315179 , -5.843989 ,37568
 1000 , 1000 , 1000 , 1000 , 2.664171 , 0.941581 , 3.237478 , -5.970646 ,37601
 1000 , 1000 , 1000 , 1000 , 2.526980 , 0.135815 , 3.159039 , -6.113285 ,37634
 1000 , 1000 , 1000 , 1000 , 1.975034 , -0.612832 , 3.081165 , -6.261669 ,37668
 999 , 999 , 999 , 999 , 2.039227 , -1.820171 , 3.007056 , -6.404363 ,37701
 999 , 999 , 999 , 999 , 1.613612 , -2.872505 , 2.939687 , -6.530188 ,37734
 1000 , 1000 , 1000 , 1000 , 1.703778 , -3.120095 , 2.882295 , -6.625202 ,37768
 999 , 999 , 999 , 999 , 1.388237 , -3.355350 , 2.840250 , -6.682631 ,37801
 1000 , 1000 , 1000 , 1000 , 1.297258 , -3.210413 , 2.817286 , -6.701393 ,37834
 999 , 999 , 999 , 999 , 1.777439 , -2.754972 , 2.820147 , -6.679629 ,37868
