 999 , 999 , 999 , 999 , 3.537418 , -2.752164 , 3.120605 , -2.134712 ,22393
 1000 , 1000 , 1000 , 1000 , 3.287134 , -2.218152 , 3.041415 , -1.976981 ,22427
 1000 , 1000 , 1000 , 1000 , 2.866767 , -1.810135 , 2.946658 , -1.812016 ,22460
 999 , 999 , 999 , 999 , 2.423824 , -1.245873 , 2.851813 , -1.640712 ,22493
 1000 , 1000 , 1000 , 1000 , 2.109919 , -0.890385 , 2.773612 , -1.469748 ,22527
 1000 , 1000 , 1000 , 1000 , 1.775937 , -0.573682 , 2.724164 , -1.302815 ,22560
 1000 , 1000 , 1000 , 1000 , 1.505789 , -0.218999 , 2.707829 , -1.141060 ,22593
 1000 , 1000 , 1000 , 1000 , 1.723873 , -0.136795 , 2.733284 , -0.989994 ,22627
 999 , 999 , 999 , 999 , 1.882549 , 0.081835 , 2.794933 , -0.848551 ,22660
 1000 , 1000 , 1000 , 1000 , 2.037322 , 0.218727 , 2.878183 , -0.719506 ,22693
 1000 , 1000 , 1000 , 1000 , 2.493962 , 0.273976 , 2.974428 , -0.604323 ,22727
 999 , 999 , 999 , 999 , 2.876344 , 0.328589 , 3.067784 , -0.503878 ,22760
 1000 , 1000 , 1000 , 1000 , 3.137572 , 0.369750 , 3.142413 , -0.418514 ,22793
 999 , 999 , 999 , 999 , 3.292671 , 0.397649 , 3.185327 , -0.347838 ,22827
 999 , 999 , 999 , 999 , 3.381275 , 0.384640 , 3.191079 , -0.293175 ,22860
 999 , 999 , 999 , 999 , 3.357127 , 0.314980 , 3.159195 , -0.254081 ,22893
 999 , 999 , 999 , 999 , 2.925033 , 0.384347 , 3.091048 , -0.228827 ,22927
 999 , 999 , 999 , 999 , 2.726539 , 0.410884 , 3.001072 , -0.217330 ,22960
 999 , 999 , 999 , 999 , 2.529548 , 0.382729 , 2.905954 , -0.220240 ,22993
 1000 , 1000 , 1000 , 1000 , 2.010893 , 0.506046 , 2.814990 , -0.235285 ,23027
 1000 , 1000 , 1000 , 1000 , 1.870199 , 0.436762 , 2.747527 , -0.264968 ,23060
 999 , 999 , 999 , 999 , 1.734588 , 0.491625 , 2.713244 , -0.306724 ,23093
 1000 , 1000 , 1000 , 1000 , 1.768639 , 0.466084 , 2.717570 , -0.361638 ,23127
 1000 , 1000 , 1000 , 1000 , 1.985025 , 0.314805 , 2.762243 , -0.431132 ,23160
 999 , 999 , 999 , 999 , 2.272756 , 0.383259 , 2.837965 , -0.511671 ,23193
 1000 , 1000 , 1000 , 1000 , 2.611508 , 0.259694 , 2.932728 , -0.604131 ,23227
 999 , 999 , 999 , 999 , 3.005937 , 0.013657 , 3.033878 , -0.710812 ,23260
 1000 , 1000 , 1000 , 1000 , 3.300906 , -0.109513 , 3.124689 , -0.827001 ,23293
 999 , 999 , 999 , 999 , 3.483461 , -0.370064 , 3.190853 , -0.953456 ,23327
 1000 , 1000 , 1000 , 1000 , 3.720680 , -0.812493 , 3.224565 , -1.090366 ,23360
 999 , 999 , 999 , 999 , 3.644689 , -1.072115 , 3.219373 , -1.233936 ,23393
 1000 , 1000 , 1000 , 1000 , 3.355209 , -1.484409 , 3.175770 , -1.383947 ,23427
 1000 , 1000 , 1000 , 1000 , 3.048763 , -2.018240 , 3.101347 , -1.539326 ,23460
 999 , 999 , 999 , 999 , 2.628946 , -2.505634 , 3.008209 , -1.695804 ,23493
 1000 , 1000 , 1000 , 1000 , 2.208658 , -3.059895 , 2.910966 , -1.852252 ,23527
 999 , 999 , 999 , 999 , 1.771669 , -3.545036 , 2.823376 , -2.002860 ,23560
 999 , 999 , 999 , 999 , 1.568491 , -4.116879 , 2.760962 , -2.147645 ,23593
 999 , 999 , 999 , 999 , 1.308633 , -4.550165 , 2.729675 , -2.280332 ,23627
 999 , 999 , 999 , 999 , 1.400770 , -4.977124 , 2.737146 , -2.398474 ,23660
 1000 , 1000 , 1000 , 1000 , 1.592772 , -5.348356 , 2.779814 , -2.498337 ,23693
 999 , 999 , 999 , 999 , 1.935287 , -5.649235 , 2.849538 , -2.576918 ,23727
 1000 , 1000 , 1000 , 1000 , 2.437756 , -5.764948 , 2.936827 , -2.628896 ,23760
 999 , 999 , 999 , 999 , 2.857222 , -6.026727 , 3.025581 , -2.656651 ,23793
 999 , 999 , 999 , 999 , 3.243952 , -5.984840 , 3.101662 , -2.655201 ,23827
 999 , 999 , 999 , 999 , 3.566953 , -5.804200 , 3.152839 , -2.622447 ,23860
 1000 , 1000 , 1000 , 1000 , 3.771739 , -5.558697 , 3.173100 , -2.560395 ,23893
 999 , 999 , 999 , 999 , 3.643764 , -5.193215 , 3.156021 , -2.467965 ,23927
 999 , 999 , 999 , 999 , 3.464038 , -4.607130 , 3.104819 , -2.345221 ,23960
 1000 , 1000 , 1000 , 1000 , 3.198968 , -4.055144 , 3.030099 , -2.196630 ,23993
 999 , 999 , 999 , 999 , 2.816068 , -3.324862 , 2.942513 , -2.025211 ,24027
 999 , 999 , 999 , 999 , 2.428662 , -2.703280 , 2.857055 , -1.836494 ,24060
 1000 , 1000 , 1000 , 1000 , 2.067876 , -1.971976 , 2.787893 , -1.634452 ,24093
 1000 , 1000 , 1000 , 1000 , 1.793121 , -1.218120 , 2.744834 , -1.423833 ,24127
 1000 , 1000 , 1000 , 1000 , 1.614011 , -0.601766 , 2.734784 , -1.212393 ,24160
 1000 , 1000 , 1000 , 1000 , 1.737963 , 0.109461 , 2.762210 , -1.002990 ,24193
 999 , 999 , 999 , 999 , 1.878557 , 0.836318 , 2.820980 , -0.800057 ,24227
 1000 , 1000 , 1000 , 1000 , 2.171795 , 1.338392 , 2.901600 , -0.610685 ,24260
 999 , 999 , 999 , 999 , 2.567518 , 1.761442 , 2.993385 , -0.439177 ,24293
 1000 , 1000 , 1000 , 1000 , 2.814532 , 2.035363 , 3.078388 , -0.290152 ,24327
 1000 , 1000 , 1000 , 1000 , 3.116923 , 2.323512 , 3.145452 , -0.166473 ,24360
 999 , 999 , 999 , 999 , 3.315566 , 2.424392 , 3.183786 , -0.069623 ,24393
 1000 , 1000 , 1000 , 1000 , 3.412807 , 2.452682 , 3.187707 , -0.001234 ,24427
 1000 , 1000 , 1000 , 1000 , 3.341510 , 2.341120 , 3.155265 , 0.036564 ,24460
 999 , 999 , 999 , 999 , 3.143149 , 2.117629 , 3.091730 , 0.043385 ,24493
 1000 , 1000 , 1000 , 1000 , 2.821813 , 1.812619 , 3.007788 , 0.021690 ,24527
 1000 , 1000 , 1000 , 1000 , 2.551729 , 1.541630 , 2.918715 , -0.025714 ,24560
 1000 , 1000 , 1000 , 1000 , 2.200861 , 1.093393 , 2.836727 , -0.098153 ,24593
 1000 , 1000 , 1000 , 1000 , 1.917930 , 0.588979 , 2.774390 , -0.193038 ,24627
 1000 , 1000 , 1000 , 1000 , 1.781121 , 0.041096 , 2.743864 , -0.308347 ,24660
 999 , 999 , 999 , 999 , 1.795213 , -0.328842 , 2.748670 , -0.437124 ,24693
 999 , 999 , 999 , 999 , 2.028769 , -0.863450 , 2.790099 , -0.578506 ,24727
 999 , 999 , 999 , 999 , 2.254512 , -1.360732 , 2.861283 , -0.728437 ,24760
 999 , 999 , 999 , 999 , 2.578570 , -1.769022 , 2.950257 , -0.882107 ,24793
 999 , 999 , 999 , 999 , 2.988133 , -2.055564 , 3.045045 , -1.035166 ,24827
 1000 , 1000 , 1000 , 1000 , 3.270829 , -2.514406 , 3.129401 , -1.187822 ,24860
 999 , 999 , 999 , 999 , 3.476184 , -2.623620 , 3.189937 , -1.332357 ,24893
 1000 , 1000 , 1000 , 1000 , 3.454584 , -2.903536 , 3.216902 , -1.471245 ,24927
 1000 , 1000 , 1000 , 1000 , 3.435574 , -3.009142 , 3.206881 , -1.599997 ,24960
 999 , 999 , 999 , 999 , 3.205881 , -3.150788 , 3.161468 , -1.718984 ,24993
 999 , 999 , 999 , 999 , 2.886987 , -3.231021 , 3.087605 , -1.827929 ,25027
 1000 , 1000 , 1000 , 1000 , 2.527243 , -3.379678 , 2.997240 , -1.927352 ,25060
 999 , 999 , 999 , 999 , 2.073608 , -3.296900 , 2.903284 , -2.013370 ,25093
 1000 , 1000 , 1000 , 1000 , 1.745431 , -3.341059 , 2.821018 , -2.088028 ,25127
 1000 , 1000 , 1000 , 1000 , 1.520847 , -3.372077 , 2.763867 , -2.151116 ,25160
 1000 , 1000 , 1000 , 1000 , 1.524572 , -3.325315 , 2.740313 , -2.202491 ,25193
 1000 , 1000 , 1000 , 1000 , 1.582333 , -3.441487 , 2.752853 , -2.244380 ,25227
 999 , 999 , 999 , 999 , 1.804757 , -3.542302 , 2.799906 , -2.275784 ,25260
 1000 , 1000 , 1000 , 1000 , 2.213871 , -3.576628 , 2.874277 , -2.295633 ,25293
 1000 , 1000 , 1000 , 1000 , 2.552898 , -3.583442 , 2.961369 , -2.302948 ,25327
 1000 , 1000 , 1000 , 1000 , 3.051657 , -3.684780 , 3.049738 , -2.298341 ,25360
 1000 , 1000 , 1000 , 1000 , 3.383863 , -3.741993 , 3.123306 , -2.280757 ,25393
 1000 , 1000 , 1000 , 1000 , 3.608283 , -3.815162 , 3.171351 , -2.250111 ,25427
 999 , 999 , 999 , 999 , 3.713256 , -3.837676 , 3.185133 , -2.205081 ,25460
 1000 , 1000 , 1000 , 1000 , 3.741086 , -3.768735 , 3.166145 , -2.144626 ,25493
 999 , 999 , 999 , 999 , 3.403288 , -3.748220 , 3.113455 , -2.070121 ,25527
 1000 , 1000 , 1000 , 1000 , 3.095730 , -3.701892 , 3.037141 , -1.981380 ,25560
 999 , 999 , 999 , 999 , 2.760195 , -3.447557 , 2.951637 , -1.877321 ,25593
 1000 , 1000 , 1000 , 1000 , 2.333201 , -3.267349 , 2.868870 , -1.760815 ,25627
 999 , 999 , 999 , 999 , 1.935706 , -2.911121 , 2.803042 , -1.630170 ,25660
 999 , 999 , 999 , 999 , 1.781468 , -2.563015 , 2.764816 , -1.489186 ,25693
 999 , 999 , 999 , 999 , 1.563881 , -2.181459 , 2.759091 , -1.340213 ,25727
 1000 , 1000 , 1000 , 1000 , 1.699806 , -1.740943 , 2.789695 , -1.184982 ,25760
 999 , 999 , 999 , 999 , 1.862013 , -1.136250 , 2.849761 , -1.025154 ,25793
 999 , 999 , 999 , 999 , 2.123210 , -0.671070 , 2.930240 , -0.866280 ,25827
 999 , 999 , 999 , 999 , 2.483271 , -0.054862 , 3.017695 , -0.708667 ,25860
 1000 , 1000 , 1000 , 1000 , 2.898791 , 0.478375 , 3.100387 , -0.557962 ,25893
 1000 , 1000 , 1000 , 1000 , 3.141749 , 0.905066 , 3.163326 , -0.418286 ,25927
 999 , 999 , 999 , 999 , 3.301488 , 1.410371 , 3.194990 , -0.293109 ,25960
 999 , 999 , 999 , 999 , 3.451227 , 1.765911 , 3.193905 , -0.185848 ,25993
 999 , 999 , 999 , 999 , 3.297976 , 2.065673 , 3.157593 , -0.099097 ,26027
 1000 , 1000 , 1000 , 1000 , 3.067310 , 2.395889 , 3.092817 , -0.034767 ,26060
 999 , 999 , 999 , 999 , 2.811153 , 2.401501 , 3.010501 , 0.002709 ,26093
 1000 , 1000 , 1000 , 1000 , 2.512980 , 2.485648 , 2.924397 , 0.013552 ,26127
 1004 , 1004 , 1004 , 1004 , 2.183119 , 2.374247 , 2.847294 , -0.004374 ,26160
 1031 , 1031 , 1031 , 1031 , 1.968474 , 2.228327 , 2.792299 , -0.049348 ,26193
 1031 , 1031 , 1031 , 1031 , 1.885061 , 1.939721 , 2.768214 , -0.121574 ,26227
 1030 , 1030 , 1030 , 1030 , 1.858641 , 1.489552 , 2.779803 , -0.221914 ,26260
 1030 , 1030 , 1030 , 1030 , 2.054099 , 1.026884 , 2.825672 , -0.345771 ,26293
 1032 , 1032 , 1032 , 1032 , 2.340585 , 0.355782 , 2.899108 , -0.492636 ,26327
 1030 , 1030 , 1030 , 1030 , 2.630194 , -0.178024 , 2.987033 , -0.655974 ,26360
 1029 , 1029 , 1029 , 1029 , 3.021376 , -0.933488 , 3.078140 , -0.834331 ,26393
 1030 , 1030 , 1030 , 1030 , 3.252884 , -1.509141 , 3.156610 , -1.020988 ,26427
 1030 , 1030 , 1030 , 1030 , 3.406925 , -2.265959 , 3.209270 , -1.213614 ,26460
 1033 , 1033 , 1033 , 1033 , 3.471313 , -2.867049 , 3.229849 , -1.406016 ,26493
 1046 , 1046 , 1046 , 1046 , 3.421103 , -3.476127 , 3.214680 , -1.594517 ,26527
 1065 , 1065 , 1065 , 1065 , 3.141824 , -4.011227 , 3.164320 , -1.774017 ,26560
 1078 , 1078 , 1078 , 1078 , 2.784356 , -4.510231 , 3.087333 , -1.941912 ,26593
 1077 , 1077 , 1077 , 1077 , 2.396944 , -4.908665 , 2.995448 , -2.093525 ,26627
 1076 , 1076 , 1076 , 1076 , 2.841653 , -4.372163 , 2.919875 , -2.227690 ,26660
 1076 , 1076 , 1076 , 1076 , 1.399064 , -6.814835 , 2.829493 , -2.351184 ,26693
 1076 , 1076 , 1076 , 1076 , 0.840585 , -6.032822 , 2.743644 , -2.463568 ,26727
 1076 , 1076 , 1076 , 1076 , 1.028112 , -4.638176 , 2.719419 , -2.499461 ,26760
 1075 , 1075 , 1075 , 1075 , 3.041027 , -5.233737 , 2.750731 , -2.536624 ,26793
 1076 , 1076 , 1076 , 1076 , -0.950210 , -4.286633 , 2.750644 , -2.523539 ,26827
 1075 , 1075 , 1075 , 1075 , 4.705737 , -5.619217 , 2.851391 , -2.539066 ,26860
 1073 , 1073 , 1073 , 1073 , 2.505302 , -2.330100 , 2.951143 , -2.457726 ,26893
 1074 , 1074 , 1074 , 1074 , 1.230883 , -6.028309 , 2.996997 , -2.398128 ,26927
 1074 , 1074 , 1074 , 1074 , 1.768205 , -6.108822 , 3.035787 , -2.367220 ,26960
 1073 , 1073 , 1073 , 1073 , 3.485154 , -2.456896 , 3.064052 , -2.274305 ,26993
 1073 , 1073 , 1073 , 1073 , 6.061416 , -0.275006 , 3.123697 , -2.130104 ,27027
 1074 , 1074 , 1074 , 1074 , 2.881666 , 0.182663 , 3.090592 , -1.956637 ,27060
 1073 , 1073 , 1073 , 1073 , 4.036490 , -0.264242 , 3.048246 , -1.800449 ,27093
 1073 , 1073 , 1073 , 1073 , 2.273789 , 0.762290 , 2.966266 , -1.629359 ,27127
 1074 , 1074 , 1074 , 1074 , 2.284718 , 0.522876 , 2.879415 , -1.463516 ,27160
 1073 , 1073 , 1073 , 1073 , 2.383291 , 0.371854 , 2.813455 , -1.307234 ,27193
 1073 , 1073 , 1073 , 1073 , 1.946250 , -2.451661 , 2.744686 , -1.191905 ,27227
 1073 , 1073 , 1073 , 1073 , 3.342023 , -2.388469 , 2.729618 , -1.053293 ,27260
 1073 , 1073 , 1073 , 1073 , 3.107130 , -0.891210 , 2.730458 , -0.913057 ,27293
 1074 , 1074 , 1074 , 1074 , 3.362823 , 0.095248 , 2.753107 , -0.768090 ,27327
 1074 , 1074 , 1074 , 1074 , -2.077024 , 0.983686 , 2.751230 , -0.622018 ,27360
 1073 , 1073 , 1073 , 1073 , -1.358943 , 0.147990 , 2.782897 , -0.498417 ,27393
 1073 , 1073 , 1073 , 1073 , 5.332101 , 1.161531 , 2.920810 , -0.391508 ,27427
 1073 , 1073 , 1073 , 1073 , 4.973435 , 0.187170 , 3.015854 , -0.300492 ,27460
 1074 , 1074 , 1074 , 1074 , -0.367225 , -0.225984 , 3.033683 , -0.200802 ,27493
 1074 , 1074 , 1074 , 1074 , 1.737820 , 0.246370 , 3.071952 , -0.127464 ,27527
 1073 , 1073 , 1073 , 1073 , 8.469625 , 1.370067 , 3.143048 , -0.101082 ,27560
 1075 , 1075 , 1075 , 1075 , 1.685189 , -0.631868 , 3.082850 , -0.083872 ,27593
 1076 , 1076 , 1076 , 1076 , 1.262911 , -0.302549 , 3.016542 , -0.044669 ,27627
 1076 , 1076 , 1076 , 1076 , 5.638248 , 2.723964 , 2.957469 , -0.023309 ,27660
 1076 , 1076 , 1076 , 1076 , -0.283532 , -0.170119 , 2.827818 , -0.042605 ,27693
 1076 , 1076 , 1076 , 1076 , 1.811578 , 1.438517 , 2.743269 , -0.018478 ,27727
 1075 , 1075 , 1075 , 1075 , 1.799854 , 2.263268 , 2.667308 , -0.064667 ,27760
 1076 , 1076 , 1076 , 1076 , 2.836900 , -1.480283 , 2.653971 , -0.155404 ,27793
 1076 , 1076 , 1076 , 1076 , 2.246585 , 2.629776 , 2.632744 , -0.198497 ,27827
 1075 , 1075 , 1075 , 1075 , 0.679276 , -0.105663 , 2.655862 , -0.294477 ,27860
 1077 , 1077 , 1077 , 1077 , 2.592479 , 0.846531 , 2.701367 , -0.345358 ,27893
 1077 , 1077 , 1077 , 1077 , -0.881336 , 2.112804 , 2.742676 , -0.472679 ,27927
 1077 , 1077 , 1077 , 1077 , 5.069559 , -1.753846 , 2.851318 , -0.594818 ,27960
 1077 , 1077 , 1077 , 1077 , -1.963044 , 2.878895 , 2.864194 , -0.726685 ,27993
 1078 , 1078 , 1078 , 1078 , 6.351089 , -2.559892 , 2.993787 , -0.881515 ,28027
 1078 , 1078 , 1078 , 1078 , -0.996700 , 2.141449 , 2.950311 , -0.994433 ,28060
 1078 , 1078 , 1078 , 1078 , 4.928897 , -3.616434 , 3.013182 , -1.180636 ,28093
 1085 , 1085 , 1085 , 1085 , 1.481577 , -2.053882 , 2.950907 , -1.374069 ,28127
 1077 , 1077 , 1077 , 1077 , 3.974329 , -3.919043 , 2.920849 , -1.533127 ,28160
 1078 , 1078 , 1078 , 1078 , 3.651271 , -2.042023 , 2.895747 , -1.755038 ,28193
 1084 , 1084 , 1084 , 1084 , 2.088858 , -4.438889 , 2.787148 , -1.876238 ,28227
 1077 , 1077 , 1077 , 1077 , 4.680116 , -2.866004 , 2.805154 , -2.080765 ,28260
 1079 , 1079 , 1079 , 1079 , 0.407172 , -5.273494 , 2.677282 , -2.174693 ,28293
 1083 , 1083 , 1083 , 1083 , 4.436184 , -3.785958 , 2.733584 , -2.349022 ,28327
 1077 , 1077 , 1077 , 1077 , -1.066732 , -6.138590 , 2.635842 , -2.404386 ,28360
 1079 , 1079 , 1079 , 1079 , 5.419049 , -5.234308 , 2.747015 , -2.548751 ,28393
 1082 , 1082 , 1082 , 1082 , -1.584414 , -6.570198 , 2.704290 , -2.572265 ,28427
 1078 , 1078 , 1078 , 1078 , 6.902204 , -6.902204 , 2.848614 , -2.655058 ,28460
 1077 , 1077 , 1077 , 1077 , -0.870718 , -4.620831 , 2.874701 , -2.602799 ,28493
 1082 , 1082 , 1082 , 1082 , 6.482645 , -6.650785 , 2.975942 , -2.609694 ,28527
 1078 , 1078 , 1078 , 1078 , 2.339616 , -4.743947 , 3.088670 , -2.558477 ,28560
 1078 , 1078 , 1078 , 1078 , 2.481741 , -4.256999 , 3.063914 , -2.480403 ,28593
 1081 , 1081 , 1081 , 1081 , 4.551364 , -5.113353 , 3.156876 , -2.402840 ,28627
 1079 , 1079 , 1079 , 1079 , 1.051143 , -3.245823 , 3.086757 , -2.291790 ,28660
 1079 , 1079 , 1079 , 1079 , 6.597475 , -4.140630 , 3.120651 , -2.129452 ,28693
 1080 , 1080 , 1080 , 1080 , 1.506347 , -3.446754 , 3.053257 , -2.050584 ,28727
 1079 , 1079 , 1079 , 1079 , 2.291253 , -0.470860 , 2.951897 , -1.830200 ,28760
 1078 , 1078 , 1078 , 1078 , -0.270125 , -9.067658 , 2.871491 , -1.782579 ,28793
 1079 , 1079 , 1079 , 1079 , 2.228182 , 2.216808 , 2.817334 , -1.581615 ,28827
 1079 , 1079 , 1079 , 1079 , 2.481012 , -4.833335 , 2.749197 , -1.362145 ,28860
 1078 , 1078 , 1078 , 1078 , 1.454443 , 1.512057 , 2.761561 , -1.244482 ,28893
 1079 , 1079 , 1079 , 1079 , 1.322750 , 0.307856 , 2.728857 , -1.015831 ,28927
 1079 , 1079 , 1079 , 1079 , 4.022741 , -0.477725 , 2.805331 , -0.904250 ,28960
 1078 , 1078 , 1078 , 1078 , 0.655916 , 3.519203 , 2.834584 , -0.753114 ,28993
 1078 , 1078 , 1078 , 1078 , 0.876877 , -2.412031 , 2.831532 , -0.644864 ,29027
 1079 , 1079 , 1079 , 1079 , 4.957062 , 4.084009 , 2.976678 , -0.600547 ,29060
 1078 , 1078 , 1078 , 1078 , 1.128103 , -0.772479 , 2.987502 , -0.488453 ,29093
 1079 , 1079 , 1079 , 1079 , 4.398773 , 3.538015 , 3.053695 , -0.438426 ,29127
 1081 , 1081 , 1081 , 1081 , 4.370237 , 2.171116 , 3.134880 , -0.402732 ,29160
 1081 , 1081 , 1081 , 1081 , 1.196331 , 1.297243 , 3.077929 , -0.401960 ,29193
 1085 , 1085 , 1085 , 1085 , 4.993555 , 1.979455 , 3.105357 , -0.408499 ,29227
 1086 , 1086 , 1086 , 1086 , 0.065055 , -0.286244 , 3.005358 , -0.478452 ,29260
 1087 , 1087 , 1087 , 1087 , 2.598732 , 1.605159 , 2.911813 , -0.540657 ,29293
 1088 , 1088 , 1088 , 1088 , 3.569881 , -2.157647 , 2.929251 , -0.690786 ,29327
 1089 , 1089 , 1089 , 1089 , -1.420805 , 0.774929 , 2.812814 , -0.839298 ,29360
 1088 , 1088 , 1088 , 1088 , 5.338159 , -1.859781 , 2.796625 , -0.917781 ,29393
 1088 , 1088 , 1088 , 1088 , 2.280430 , -2.416428 , 2.822979 , -1.127304 ,29427
 1089 , 1089 , 1089 , 1089 , -0.201497 , -0.012594 , 2.739184 , -1.294258 ,29460
 1089 , 1089 , 1089 , 1089 , 6.243696 , -6.011040 , 2.839508 , -1.464404 ,29493
 1088 , 1088 , 1088 , 1088 , -0.331310 , -1.113266 , 2.866688 , -1.664506 ,29527
 1089 , 1089 , 1089 , 1089 , 2.160827 , -1.570322 , 2.868640 , -1.787837 ,29560
 1089 , 1089 , 1089 , 1089 , 5.777997 , -8.455745 , 2.995773 , -1.962305 ,29593
 1089 , 1089 , 1089 , 1089 , -0.399670 , -3.713792 , 3.007786 , -2.207927 ,29627
 1091 , 1091 , 1091 , 1091 , 2.273595 , -3.582602 , 3.007838 , -2.314691 ,29660
 1093 , 1093 , 1093 , 1093 , 3.903580 , -10.676043 , 3.071468 , -2.478514 ,29693
 1094 , 1094 , 1094 , 1094 , 5.232184 , -2.288892 , 3.156082 , -2.652539 ,29727
 1094 , 1094 , 1094 , 1094 , 3.709642 , -3.555330 , 3.127993 , -2.692354 ,29760
 1094 , 1094 , 1094 , 1094 , 1.732012 , -10.657605 , 3.072946 , -2.796232 ,29793
 1093 , 1093 , 1093 , 1093 , 4.245224 , -1.355863 , 3.074255 , -2.874992 ,29827
 1093 , 1093 , 1093 , 1093 , 2.603822 , -2.535255 , 2.988580 , -2.825656 ,29860
 1093 , 1093 , 1093 , 1093 , -2.836855 , -8.295735 , 2.831866 , -2.856392 ,29893
 1092 , 1092 , 1092 , 1092 , 4.937261 , -2.052790 , 2.863032 , -2.856797 ,29927
 1092 , 1092 , 1092 , 1092 , 2.344241 , -2.381082 , 2.847832 , -2.784636 ,29960
 1093 , 1093 , 1093 , 1093 , -6.189112 , -7.264750 , 2.681111 , -2.779537 ,29993
 1094 , 1094 , 1094 , 1094 , 6.434587 , -1.649801 , 2.795720 , -2.700623 ,30027
 1092 , 1092 , 1092 , 1092 , 1.775880 , -4.310235 , 2.862662 , -2.644704 ,30060
 1093 , 1093 , 1093 , 1093 , -3.382438 , -4.801494 , 2.804245 , -2.624481 ,30093
 1094 , 1094 , 1094 , 1094 , 3.604892 , -2.287309 , 2.840805 , -2.520439 ,30127
 1093 , 1093 , 1093 , 1093 , 4.785288 , -7.196888 , 2.989059 , -2.450477 ,30160
 1093 , 1093 , 1093 , 1093 , -0.726398 , -2.714656 , 2.969708 , -2.462029 ,30193
 1094 , 1094 , 1094 , 1094 , 2.924069 , 0.241650 , 2.960205 , -2.357949 ,30227
 1093 , 1093 , 1093 , 1093 , 4.550374 , -7.188698 , 3.009115 , -2.227352 ,30260
 1093 , 1093 , 1093 , 1093 , 0.017164 , -6.536497 , 2.966261 , -2.332113 ,30293
 1095 , 1095 , 1095 , 1095 , 3.183156 , 3.258007 , 2.911980 , -2.224274 ,30327
 1096 , 1096 , 1096 , 1096 , 1.569107 , -3.581409 , 2.798861 , -2.032377 ,30360
 1098 , 1098 , 1098 , 1098 , -1.588022 , -12.483543 , 2.697610 , -2.112991 ,30393
 1099 , 1099 , 1099 , 1099 , 5.664117 , 0.728006 , 2.713258 , -2.150122 ,30427
 1098 , 1098 , 1098 , 1098 , 1.103767 , -1.291671 , 2.594639 , -2.006447 ,30460
 1097 , 1097 , 1097 , 1097 , -3.876106 , -10.413720 , 2.451247 , -1.989540 ,30493
 1098 , 1098 , 1098 , 1098 , 6.415366 , -1.194483 , 2.536751 , -1.989173 ,30527
 1097 , 1097 , 1097 , 1097 , 3.851879 , 2.622684 , 2.576038 , -1.858068 ,30560
 1097 , 1097 , 1097 , 1097 , -3.330422 , -7.605619 , 2.499069 , -1.815078 ,30593
 1098 , 1098 , 1098 , 1098 , -0.311301 , -3.754671 , 2.485019 , -1.837452 ,30627
 1098 , 1098 , 1098 , 1098 , 6.453168 , 3.820204 , 2.627871 , -1.731442 ,30660
 1100 , 1100 , 1100 , 1100 , 0.463054 , -2.019827 , 2.660686 , -1.642950 ,30693
 1099 , 1099 , 1099 , 1099 , -1.694083 , -4.536113 , 2.636081 , -1.710189 ,30727
 1099 , 1099 , 1099 , 1099 , 6.044560 , 2.100127 , 2.721466 , -1.682809 ,30760
 1101 , 1101 , 1101 , 1101 , 5.447328 , -2.054892 , 2.826471 , -1.633170 ,30793
 1104 , 1104 , 1104 , 1104 , 2.228687 , -6.036516 , 2.838840 , -1.794896 ,30827
 1108 , 1108 , 1108 , 1108 , 0.345689 , 4.510507 , 2.744807 , -1.796978 ,30860
 1109 , 1109 , 1109 , 1109 , 4.266168 , 0.983639 , 2.726821 , -1.693128 ,30893
 1110 , 1110 , 1110 , 1110 , 1.514033 , -13.756535 , 2.716014 , -1.924232 ,30927
 1108 , 1108 , 1108 , 1108 , 2.901513 , 2.582825 , 2.702022 , -2.110577 ,30960
 1109 , 1109 , 1109 , 1109 , 2.411461 , 2.592723 , 2.607601 , -2.107634 ,30993
 1108 , 1108 , 1108 , 1108 , 0.464245 , -2.496080 , 2.539604 , -2.047741 ,31027
 1108 , 1108 , 1108 , 1108 , 1.682128 , -19.317570 , 2.561266 , -2.491279 ,31060
 1109 , 1109 , 1109 , 1109 , 2.878616 , 6.309058 , 2.585079 , -2.604945 ,31093
 1109 , 1109 , 1109 , 1109 , 2.956326 , 1.898458 , 2.566604 , -2.656296 ,31127
 1108 , 1108 , 1108 , 1108 , -1.927632 , -9.420764 , 2.514406 , -2.735494 ,31160
 1109 , 1109 , 1109 , 1109 , 2.902485 , -18.962418 , 2.597351 , -3.151421 ,31193
 1110 , 1110 , 1110 , 1110 , 6.377299 , 2.161668 , 2.723801 , -3.319715 ,31227
 1109 , 1109 , 1109 , 1109 , 4.483836 , 1.632849 , 2.742597 , -3.334751 ,31260
 1109 , 1109 , 1109 , 1109 , -1.629522 , -9.290906 , 2.663515 , -3.385348 ,31293
 1109 , 1109 , 1109 , 1109 , -0.948273 , -17.178535 , 2.606109 , -3.633576 ,31327
 1111 , 1111 , 1111 , 1111 , 5.525556 , -2.572471 , 2.677568 , -3.747179 ,31360
 1111 , 1111 , 1111 , 1111 , 4.563359 , 0.415437 , 2.690203 , -3.737772 ,31393
 1111 , 1111 , 1111 , 1111 , 2.586097 , -5.778780 , 2.668895 , -3.724050 ,31427
 1110 , 1110 , 1110 , 1110 , -3.798460 , -15.285655 , 2.533715 , -3.874135 ,31460
 1111 , 1111 , 1111 , 1111 , 1.386713 , -5.540939 , 2.482258 , -3.940762 ,31493
 1111 , 1111 , 1111 , 1111 , 6.333875 , -0.099347 , 2.526277 , -3.824425 ,31527
 1111 , 1111 , 1111 , 1111 , 4.164148 , -5.823101 , 2.550747 , -3.744952 ,31560
 1113 , 1113 , 1113 , 1113 , 0.898575 , -9.477826 , 2.519732 , -3.753030 ,31593
 1116 , 1116 , 1116 , 1116 , -1.572750 , -6.046054 , 2.462492 , -3.782464 ,31627
 1117 , 1117 , 1117 , 1117 , -0.800148 , -1.150252 , 2.400114 , -3.654865 ,31660
 1117 , 1117 , 1117 , 1117 , 3.524238 , -3.052111 , 2.435464 , -3.437661 ,31693
 1118 , 1118 , 1118 , 1118 , 4.904798 , -13.644408 , 2.557969 , -3.468532 ,31727
 1118 , 1118 , 1118 , 1118 , 1.606307 , -10.571075 , 2.614391 , -3.560709 ,31760
 1117 , 1117 , 1117 , 1117 , 1.363305 , 2.141112 , 2.631437 , -3.443847 ,31793
 1117 , 1117 , 1117 , 1117 , 0.466518 , 2.555006 , 2.590652 , -3.231450 ,31827
 1117 , 1117 , 1117 , 1117 , 2.589231 , 0.658867 , 2.574418 , -2.966232 ,31860
 1117 , 1117 , 1117 , 1117 , 0.900561 , -9.938219 , 2.574239 , -2.876330 ,31893
 1117 , 1117 , 1117 , 1117 , 2.279058 , -20.749701 , 2.632923 , -3.157779 ,31927
 1117 , 1117 , 1117 , 1117 , 7.327458 , -1.648870 , 2.766458 , -3.289652 ,31960
 1118 , 1118 , 1118 , 1118 , 3.682122 , 6.646472 , 2.741396 , -3.159600 ,31993
 1118 , 1118 , 1118 , 1118 , 2.639982 , 3.785389 , 2.654871 , -2.963728 ,32027
 1117 , 1117 , 1117 , 1117 , 0.712528 , -2.060243 , 2.549096 , -2.805741 ,32060
 1119 , 1119 , 1119 , 1119 , -3.994278 , -17.626757 , 2.443889 , -2.969312 ,32093
 1117 , 1117 , 1117 , 1117 , 3.612031 , -14.335403 , 2.483019 , -3.286694 ,32127
 1118 , 1118 , 1118 , 1118 , 5.955047 , 1.833485 , 2.566151 , -3.419981 ,32160
 1119 , 1119 , 1119 , 1119 , 4.121354 , 6.140067 , 2.536920 , -3.369135 ,32193
 1118 , 1118 , 1118 , 1118 , 3.034773 , 3.056393 , 2.482386 , -3.234440 ,32227
 1117 , 1117 , 1117 , 1117 , -0.892454 , -2.476917 , 2.416233 , -3.121370 ,32260
 1118 , 1118 , 1118 , 1118 , -4.093685 , -14.618773 , 2.373916 , -3.241975 ,32293
 1117 , 1117 , 1117 , 1117 , -4.578823 , -21.626410 , 2.348499 , -3.609667 ,32327
 1118 , 1118 , 1118 , 1118 , 9.097439 , -7.586015 , 2.565763 , -3.854892 ,32360
 1118 , 1118 , 1118 , 1118 , 4.433983 , 4.457806 , 2.649178 , -3.877865 ,32393
 1118 , 1118 , 1118 , 1118 , 6.782556 , 4.028540 , 2.712533 , -3.806135 ,32427
 1117 , 1117 , 1117 , 1117 , 4.529681 , 1.697109 , 2.729517 , -3.681004 ,32460
 1117 , 1117 , 1117 , 1117 , -1.709795 , -6.520931 , 2.669490 , -3.628298 ,32493
 1117 , 1117 , 1117 , 1117 , -3.853379 , -14.795743 , 2.582555 , -3.722094 ,32527
 1117 , 1117 , 1117 , 1117 , -4.589485 , -17.410643 , 2.470813 , -3.913190 ,32560
 1117 , 1117 , 1117 , 1117 , 4.579975 , -9.509911 , 2.493337 , -4.078631 ,32593
 1118 , 1118 , 1118 , 1118 , 9.163700 , 2.146690 , 2.550373 , -4.070382 ,32627
 1117 , 1117 , 1117 , 1117 , 7.944359 , 3.746608 , 2.586424 , -3.990825 ,32660
 1117 , 1117 , 1117 , 1117 , 4.124662 , -0.229622 , 2.575052 , -3.923255 ,32693
 1116 , 1116 , 1116 , 1116 , 1.015876 , -5.132682 , 2.535362 , -3.867873 ,32727
 1115 , 1115 , 1115 , 1115 , -5.325751 , -10.052681 , 2.408876 , -3.886932 ,32760
 1112 , 1112 , 1112 , 1112 , -2.708346 , -11.660872 , 2.330476 , -3.985597 ,32793
 1111 , 1111 , 1111 , 1111 , -0.276629 , -6.035506 , 2.299894 , -4.034376 ,32827
 1110 , 1110 , 1110 , 1110 , 6.567741 , -0.289333 , 2.400551 , -3.963800 ,32860
 1111 , 1111 , 1111 , 1111 , 6.262943 , -0.576977 , 2.515983 , -3.918488 ,32893
 1110 , 1110 , 1110 , 1110 , 5.520674 , -0.318690 , 2.647530 , -3.860188 ,32927
 1110 , 1110 , 1110 , 1110 , 2.354317 , -1.467089 , 2.702983 , -3.763757 ,32960
 1111 , 1111 , 1111 , 1111 , 1.994740 , -6.086296 , 2.721212 , -3.723324 ,32993
 1110 , 1110 , 1110 , 1110 , -1.558891 , -5.729680 , 2.660993 , -3.693461 ,33027
 1111 , 1111 , 1111 , 1111 , -1.256051 , -2.812067 , 2.578439 , -3.606524 ,33060
 1111 , 1111 , 1111 , 1111 , 1.132303 , -3.099418 , 2.547070 , -3.582448 ,33093
 1111 , 1111 , 1111 , 1111 , 4.299113 , -1.545368 , 2.571539 , -3.509433 ,33127
 1112 , 1112 , 1112 , 1112 , 5.524409 , -0.995115 , 2.598935 , -3.405821 ,33160
 1120 , 1120 , 1120 , 1120 , 5.792723 , -4.820187 , 2.594806 , -3.358405 ,33193
 1141 , 1141 , 1141 , 1141 , 6.433979 , -4.840349 , 2.591858 , -3.392005 ,33227
 1145 , 1145 , 1145 , 1145 , -1.724588 , -0.201172 , 2.478673 , -3.394217 ,33260
 1145 , 1145 , 1145 , 1145 , -2.356452 , 3.230455 , 2.367588 , -3.290804 ,33293
 1144 , 1144 , 1144 , 1144 , -2.406484 , -0.397073 , 2.283757 , -3.136395 ,33327
 1144 , 1144 , 1144 , 1144 , -3.739798 , -3.424608 , 2.196953 , -3.000224 ,33360
 1144 , 1144 , 1144 , 1144 , -1.681784 , -10.185585 , 2.179723 , -2.944163 ,33393
 1144 , 1144 , 1144 , 1144 , 0.364688 , -18.576328 , 2.193436 , -3.070577 ,33427
 1145 , 1145 , 1145 , 1145 , 3.400259 , -22.063749 , 2.251852 , -3.317592 ,33460
 1144 , 1144 , 1144 , 1144 , 18.542561 , -15.257174 , 2.570899 , -3.614348 ,33493
 1145 , 1145 , 1145 , 1145 , 14.754492 , -6.384611 , 2.851222 , -3.808706 ,33527
 1145 , 1145 , 1145 , 1145 , 5.075131 , 5.928462 , 2.991403 , -3.801817 ,33560
 1145 , 1145 , 1145 , 1145 , 5.440979 , 8.781503 , 3.092386 , -3.693194 ,33593
 1144 , 1144 , 1144 , 1144 , 4.819097 , 7.656062 , 3.125699 , -3.548870 ,33627
 1145 , 1145 , 1145 , 1145 , 4.962019 , 7.506597 , 3.130478 , -3.399600 ,33660
 1145 , 1145 , 1145 , 1145 , 6.651043 , 6.472649 , 3.121385 , -3.217810 ,33693
 1154 , 1154 , 1154 , 1154 , 7.990201 , 6.434755 , 3.117014 , -3.055823 ,33727
 1158 , 1158 , 1158 , 1158 , 9.419054 , 5.378174 , 3.123610 , -2.879278 ,33760
 1157 , 1157 , 1157 , 1157 , 10.382933 , 4.530322 , 3.160808 , -2.727332 ,33793
 1158 , 1158 , 1158 , 1158 , 11.984470 , 2.661211 , 3.246041 , -2.620155 ,33827
 1159 , 1159 , 1159 , 1159 , 13.911973 , 3.005572 , 3.367947 , -2.538762 ,33860
 1159 , 1159 , 1159 , 1159 , 15.059894 , 3.265625 , 3.507227 , -2.475923 ,33893
 1159 , 1159 , 1159 , 1159 , 16.315060 , 2.428607 , 3.685247 , -2.450027 ,33927
 1159 , 1159 , 1159 , 1159 , 16.991940 , 1.446217 , 3.891307 , -2.466602 ,33960
 1157 , 1157 , 1157 , 1157 , 18.164740 , 0.438831 , 4.125221 , -2.525914 ,33993
 1159 , 1159 , 1159 , 1159 , 17.022663 , -2.669440 , 4.303576 , -2.625102 ,34027
 1159 , 1159 , 1159 , 1159 , 15.223006 , -6.255109 , 4.452891 , -2.795763 ,34060
 1159 , 1159 , 1159 , 1159 , 11.282794 , -8.358731 , 4.535663 , -2.999643 ,34093
 1159 , 1159 , 1159 , 1159 , -0.163060 , -11.824082 , 4.446683 , -3.188581 ,34127
 1158 , 1158 , 1158 , 1158 , -4.181256 , -11.078907 , 4.298962 , -3.336226 ,34160
 1159 , 1159 , 1159 , 1159 , -7.144499 , -9.994706 , 4.100206 , -3.438940 ,34193
 1158 , 1158 , 1158 , 1158 , -12.525162 , -7.377225 , 3.805604 , -3.454970 ,34227
 1158 , 1158 , 1158 , 1158 , -12.915128 , -6.566278 , 3.500424 , -3.447722 ,34260
 1159 , 1159 , 1159 , 1159 , -12.284050 , -5.658963 , 3.205211 , -3.415673 ,34293
 1158 , 1158 , 1158 , 1158 , -4.774117 , -1.810369 , 3.067422 , -3.324678 ,34327
 1158 , 1158 , 1158 , 1158 , -1.176326 , 0.216045 , 3.006149 , -3.215107 ,34360
 1159 , 1159 , 1159 , 1159 , 2.100619 , 1.649497 , 3.013815 , -3.104644 ,34393
 1159 , 1159 , 1159 , 1159 , 9.917656 , 0.633750 , 3.157038 , -3.046682 ,34427
 1158 , 1158 , 1158 , 1158 , 12.612639 , -2.522739 , 3.334420 , -3.021251 ,34460
 1159 , 1159 , 1159 , 1159 , 13.839288 , -4.921684 , 3.525193 , -3.008742 ,34493
 1158 , 1158 , 1158 , 1158 , 11.325526 , -6.657474 , 3.644034 , -2.954735 ,34527
 1159 , 1159 , 1159 , 1159 , 5.155005 , -7.122969 , 3.670296 , -2.871812 ,34560
 1159 , 1159 , 1159 , 1159 , -1.256817 , -7.374465 , 3.613041 , -2.738907 ,34593
 1159 , 1159 , 1159 , 1159 , -8.107723 , -2.864738 , 3.464086 , -2.497012 ,34627
 1159 , 1159 , 1159 , 1159 , -8.647276 , -0.517111 , 3.317450 , -2.219700 ,34660
 1160 , 1160 , 1160 , 1160 , -6.634931 , 1.785839 , 3.215417 , -1.935795 ,34693
 1160 , 1160 , 1160 , 1160 , 5.097585 , 7.108759 , 3.318451 , -1.677048 ,34727
 1160 , 1160 , 1160 , 1160 , 9.078598 , 10.434603 , 3.514400 , -1.576093 ,34760
 1159 , 1159 , 1159 , 1159 , 10.172709 , 8.928854 , 3.711190 , -1.604875 ,34793
 1159 , 1159 , 1159 , 1159 , 29.167219 , -10.866479 , 4.133297 , -1.981849 ,34827
 1160 , 1160 , 1160 , 1160 , 41.433819 , -31.987984 , 4.666909 , -2.657277 ,34860
 1169 , 1169 , 1169 , 1169 , 18.826519 , -57.939785 , 4.768495 , -3.647258 ,34893
 1173 , 1173 , 1173 , 1173 , -25.530411 , -25.579376 , 4.148090 , -3.870769 ,34927
 1174 , 1174 , 1174 , 1174 , -17.340591 , -10.005933 , 3.702514 , -3.808914 ,34960
 1173 , 1173 , 1173 , 1173 , -9.552308 , 0.420388 , 3.435851 , -3.596144 ,34993
 1173 , 1173 , 1173 , 1173 , 0.579603 , 7.235155 , 3.381011 , -3.404751 ,35027
 1173 , 1173 , 1173 , 1173 , 5.287060 , 8.747789 , 3.424059 , -3.282844 ,35060
 1173 , 1173 , 1173 , 1173 , 6.525252 , 9.074487 , 3.526139 , -3.286031 ,35093
 1173 , 1173 , 1173 , 1173 , 11.071527 , 6.090041 , 3.749699 , -3.497875 ,35127
 1173 , 1173 , 1173 , 1173 , 11.282963 , 0.951505 , 3.970530 , -3.845203 ,35160
 1173 , 1173 , 1173 , 1173 , 9.994086 , -19.489218 , 4.077302 , -4.526875 ,35193
 1173 , 1173 , 1173 , 1173 , -27.447313 , -32.566284 , 3.568686 , -5.122323 ,35227
 1173 , 1173 , 1173 , 1173 , -18.064817 , -11.723714 , 3.263658 , -5.238088 ,35260
 1175 , 1175 , 1175 , 1175 , -6.876453 , -2.038816 , 3.139248 , -5.199016 ,35293
 1174 , 1174 , 1174 , 1174 , 9.486077 , 5.636508 , 3.279793 , -5.121942 ,35327
 1174 , 1174 , 1174 , 1174 , 12.768361 , 4.183609 , 3.469843 , -5.170125 ,35360
 1175 , 1175 , 1175 , 1175 , 18.884644 , -1.311114 , 3.716978 , -5.370381 ,35393
 1174 , 1174 , 1174 , 1174 , 3.195684 , -26.686625 , 3.538226 , -5.896457 ,35427
 1174 , 1174 , 1174 , 1174 , -22.135937 , -28.513559 , 2.988328 , -6.251027 ,35460
 1174 , 1174 , 1174 , 1174 , -18.980717 , -13.496902 , 2.573739 , -6.238345 ,35493
 1175 , 1175 , 1175 , 1175 , -4.144690 , -3.261500 , 2.473911 , -6.047993 ,35527
 1174 , 1174 , 1174 , 1174 , 7.373333 , 3.197264 , 2.647315 , -5.803283 ,35560
 1174 , 1174 , 1174 , 1174 , 13.808227 , 0.612479 , 2.965607 , -5.698834 ,35593
 1175 , 1175 , 1175 , 1175 , 20.242733 , -15.137457 , 3.241577 , -5.837700 ,35627
 1174 , 1174 , 1174 , 1174 , -9.843342 , -23.509249 , 3.006978 , -5.954064 ,35660
 1174 , 1174 , 1174 , 1174 , -16.747780 , -13.771138 , 2.727782 , -5.809778 ,35693
 1175 , 1175 , 1175 , 1175 , -7.682618 , -4.094413 , 2.682106 , -5.506210 ,35727
 1174 , 1174 , 1174 , 1174 , 5.390415 , 3.267416 , 2.901400 , -5.127226 ,35760
 1175 , 1175 , 1175 , 1175 , 16.091084 , 2.024169 , 3.264584 , -4.882576 ,35793
 1175 , 1175 , 1175 , 1175 , 20.444176 , -9.358826 , 3.463775 , -4.790222 ,35827
 1174 , 1174 , 1174 , 1174 , -6.032438 , -13.862098 , 3.169215 , -4.673467 ,35860
 1174 , 1174 , 1174 , 1174 , -14.138068 , -6.166146 , 2.770975 , -4.394533 ,35893
 1175 , 1175 , 1175 , 1175 , -4.886103 , 0.358839 , 2.610747 , -4.044194 ,35927
 1174 , 1174 , 1174 , 1174 , 6.862274 , 6.325552 , 2.708245 , -3.685739 ,35960
 1174 , 1174 , 1174 , 1174 , 17.527534 , 3.201097 , 2.945747 , -3.463778 ,35993
 1175 , 1175 , 1175 , 1175 , 8.459341 , -3.210307 , 2.902666 , -3.322636 ,36027
 1176 , 1176 , 1176 , 1176 , -11.755611 , -5.903753 , 2.543391 , -3.189142 ,36060
 1175 , 1175 , 1175 , 1175 , -15.027415 , -0.490987 , 2.217648 , -2.975840 ,36093
 1176 , 1176 , 1176 , 1176 , 0.164986 , 4.683733 , 2.280523 , -2.753579 ,36127
 1177 , 1177 , 1177 , 1177 , 12.590201 , 5.773969 , 2.589110 , -2.600747 ,36160
 1176 , 1176 , 1176 , 1176 , 16.395594 , 6.625681 , 2.916220 , -2.466733 ,36193
 1176 , 1176 , 1176 , 1176 , -10.276863 , -3.115263 , 2.727036 , -2.503782 ,36227
 1176 , 1176 , 1176 , 1176 , -13.751536 , -0.915660 , 2.530478 , -2.510586 ,36260
 1177 , 1177 , 1177 , 1177 , -3.107912 , 0.686166 , 2.567618 , -2.546784 ,36293
 1179 , 1179 , 1179 , 1179 , 15.442822 , 3.175372 , 2.905869 , -2.592204 ,36327
 1197 , 1197 , 1197 , 1197 , 16.446804 , 5.809587 , 3.168942 , -2.632253 ,36360
 1199 , 1199 , 1199 , 1199 , 8.072884 , 2.089979 , 3.202291 , -2.759168 ,36394
 1199 , 1199 , 1199 , 1199 , -13.166296 , -4.327902 , 2.848136 , -3.012403 ,36427
 1200 , 1200 , 1200 , 1200 , -8.293622 , -7.156898 , 2.626252 , -3.338065 ,36460
 1200 , 1200 , 1200 , 1200 , 8.107834 , -1.985379 , 2.699406 , -3.540941 ,36494
 1199 , 1199 , 1199 , 1199 , 19.618214 , 4.034402 , 2.882494 , -3.668432 ,36527
 1200 , 1200 , 1200 , 1200 , 4.482318 , -3.556050 , 2.762064 , -3.947735 ,36560
 1200 , 1200 , 1200 , 1200 , -20.612204 , -11.394199 , 2.241420 , -4.289734 ,36594
 1200 , 1200 , 1200 , 1200 , -2.962368 , -6.477274 , 2.174697 , -4.497864 ,36627
 1199 , 1199 , 1199 , 1199 , 15.824679 , 0.916448 , 2.482646 , -4.625031 ,36660
 1199 , 1199 , 1199 , 1199 , 24.684471 , -1.023782 , 2.826814 , -4.825028 ,36694
 1200 , 1200 , 1200 , 1200 , -23.101608 , -21.831476 , 2.361887 , -5.138762 ,36727
 1199 , 1199 , 1199 , 1199 , -14.234560 , -9.502824 , 2.189562 , -5.169345 ,36760
 1200 , 1200 , 1200 , 1200 , 9.058765 , 2.959325 , 2.492847 , -5.124904 ,36794
 1199 , 1199 , 1199 , 1199 , 31.019571 , 0.657039 , 3.042549 , -5.277598 ,36827
 1199 , 1199 , 1199 , 1199 , -25.476625 , -48.440601 , 2.527798 , -5.961187 ,36860
 1199 , 1199 , 1199 , 1199 , -21.611517 , -13.863035 , 2.178826 , -5.888944 ,36894
 1200 , 1200 , 1200 , 1200 , 8.274311 , 5.093056 , 2.418710 , -5.659628 ,36927
 1200 , 1200 , 1200 , 1200 , 27.352566 , 3.260327 , 2.886912 , -5.679852 ,36960
 1200 , 1200 , 1200 , 1200 , -3.188155 , -74.213036 , 2.720978 , -6.805833 ,36994
 1200 , 1200 , 1200 , 1200 , -19.869015 , -12.605586 , 2.335507 , -6.533812 ,37027
 1199 , 1199 , 1199 , 1199 , 5.086251 , 4.985811 , 2.440363 , -6.092389 ,37060
 1200 , 1200 , 1200 , 1200 , 21.836933 , 7.881998 , 2.801277 , -5.877029 ,37094
 1200 , 1200 , 1200 , 1200 , -5.520886 , -69.471245 , 2.580098 , -6.775063 ,37127
 1200 , 1200 , 1200 , 1200 , -21.293339 , -11.612466 , 2.108815 , -6.384619 ,37160
 1200 , 1200 , 1200 , 1200 , 5.562344 , 6.364448 , 2.174975 , -5.893952 ,37194
 1200 , 1200 , 1200 , 1200 , 19.224213 , 3.269222 , 2.504974 , -5.791941 ,37227
 1199 , 1199 , 1199 , 1199 , -18.765759 , -70.981232 , 2.079897 , -6.687557 ,37260
 1199 , 1199 , 1199 , 1199 , -16.724268 , -3.248657 , 1.714093 , -6.097586 ,37294
 1200 , 1200 , 1200 , 1200 , 11.122770 , 11.826670 , 1.970855 , -5.634809 ,37327
 1199 , 1199 , 1199 , 1199 , 17.270975 , 3.196683 , 2.367718 , -5.576312 ,37360
 1200 , 1200 , 1200 , 1200 , -25.852959 , -56.629616 , 1.876920 , -6.279094 ,37394
 1201 , 1201 , 1201 , 1201 , -4.636638 , 4.489548 , 1.757866 , -5.808441 ,37427
 1199 , 1199 , 1199 , 1199 , 8.812774 , 10.486468 , 1.983793 , -5.581083 ,37460
 1201 , 1201 , 1201 , 1201 , 31.083405 , -2.806870 , 2.515940 , -5.733479 ,37494
 1201 , 1201 , 1201 , 1201 , -37.292583 , -22.629547 , 1.796981 , -5.650638 ,37527
 1201 , 1201 , 1201 , 1201 , -1.398322 , 3.436348 , 1.725702 , -5.162083 ,37560
 1200 , 1200 , 1200 , 1200 , 11.242926 , 8.742866 , 1.976754 , -4.975562 ,37594
 1201 , 1201 , 1201 , 1201 , 14.514912 , -12.491728 , 2.134722 , -5.190142 ,37627
 1202 , 1202 , 1202 , 1202 , -32.678993 , -20.054243 , 1.476554 , -5.217894 ,37660
 1202 , 1202 , 1202 , 1202 , 3.202286 , 4.967949 , 1.532692 , -4.844048 ,37694
 1202 , 1202 , 1202 , 1202 , 18.198217 , 11.689939 , 1.812550 , -4.739246 ,37727
 1206 , 1206 , 1206 , 1206 , -24.601555 , -62.841545 , 1.301846 , -5.807160 ,37760
 1213 , 1213 , 1213 , 1213 , -25.711596 , -14.924323 , 0.801026 , -5.677527 ,37794
 1216 , 1216 , 1216 , 1216 , 6.950625 , 9.746432 , 0.976690 , -5.334562 ,37827
 1221 , 1221 , 1221 , 1221 , 19.280525 , 12.548088 , 1.315183 , -5.260561 ,37860
 1224 , 1224 , 1224 , 1224 , -15.837683 , -72.556885 , 1.001150 , -6.411867 ,37894
 1225 , 1225 , 1225 , 1225 , -7.225285 , 2.872893 , 0.899139 , -5.963679 ,37927
 1225 , 1225 , 1225 , 1225 , 18.159887 , 14.399759 , 1.286878 , -5.721232 ,37960
 1225 , 1225 , 1225 , 1225 , 10.898452 , -9.822303 , 1.526920 , -6.056719 ,37994
 1227 , 1227 , 1227 , 1227 , -25.850548 , -9.718714 , 1.042981 , -5.866601 ,38027
 1229 , 1229 , 1229 , 1229 , 11.806607 , 11.285372 , 1.295870 , -5.623827 ,38060
 1228 , 1228 , 1228 , 1228 , 25.857527 , 4.347039 , 1.786081 , -5.781456 ,38094
 1228 , 1228 , 1228 , 1228 , -35.874603 , -15.911927 , 1.065683 , -5.729540 ,38127
 1228 , 1228 , 1228 , 1228 , 7.564487 , 10.042554 , 1.226950 , -5.427094 ,38160
 1232 , 1232 , 1232 , 1232 , 29.959162 , 6.585390 , 1.779551 , -5.554854 ,38194
 1237 , 1237 , 1237 , 1237 , -37.195721 , -6.809409 , 1.013272 , -5.543151 ,38227
 1240 , 1240 , 1240 , 1240 , 6.572558 , 8.235136 , 1.159263 , -5.431876 ,38260
 1242 , 1242 , 1242 , 1242 , 37.238644 , 1.287581 , 1.691438 , -5.634043 ,38294
 1243 , 1243 , 1243 , 1243 , -32.941326 , -10.227278 , 1.041218 , -5.649955 ,38327
 1243 , 1243 , 1243 , 1243 , 8.781958 , 7.262393 , 1.280025 , -5.528860 ,38360
 1242 , 1242 , 1242 , 1242 , 26.900459 , 5.451557 , 1.685525 , -5.665932 ,38394
 1243 , 1243 , 1243 , 1243 , -24.281706 , -7.857281 , 1.211100 , -5.507761 ,38427
 1243 , 1243 , 1243 , 1243 , 25.556015 , 11.047140 , 1.733763 , -5.341718 ,38460
 1242 , 1242 , 1242 , 1242 , -33.497955 , -45.920467 , 1.138027 , -6.155232 ,38494
 1242 , 1242 , 1242 , 1242 , -3.850178 , 4.611089 , 1.127296 , -5.746069 ,38527
 1242 , 1242 , 1242 , 1242 , 38.389847 , 8.167145 , 1.798801 , -5.719303 ,38560
 1242 , 1242 , 1242 , 1242 , -42.222706 , -18.431837 , 0.948436 , -5.764932 ,38594
 1242 , 1242 , 1242 , 1242 , 25.521103 , 11.941732 , 1.507887 , -5.478004 ,38627
 1242 , 1242 , 1242 , 1242 , -5.684403 , -35.461311 , 1.330746 , -6.029077 ,38660
 1243 , 1243 , 1243 , 1243 , -15.460466 , 1.962996 , 1.010307 , -5.589262 ,38694
 1245 , 1245 , 1245 , 1245 , 32.162884 , 4.896210 , 1.594982 , -5.547837 ,38727
 1247 , 1247 , 1247 , 1247 , -51.247971 , -14.441220 , 0.550757 , -5.474111 ,38760
 1249 , 1249 , 1249 , 1249 , 16.349312 , 9.325614 , 0.968765 , -5.073256 ,38794
 1241 , 1241 , 1241 , 1241 , -33.961552 , -26.053991 , 0.193454 , -5.369585 ,38827
 1249 , 1249 , 1249 , 1249 , -0.660831 , 5.915218 , 0.248702 , -4.872612 ,38860
 1249 , 1249 , 1249 , 1249 , 23.653288 , 4.043821 , 0.597822 , -4.737354 ,38894
 1243 , 1243 , 1243 , 1243 , -38.149414 , -12.978883 , -0.019816 , -4.601255 ,38927
 1249 , 1249 , 1249 , 1249 , 18.343836 , 8.899838 , 0.391774 , -4.240409 ,38960
 1250 , 1250 , 1250 , 1250 , -32.862041 , -18.777582 , -0.170936 , -4.547940 ,38994
 1244 , 1244 , 1244 , 1244 , 12.544656 , 9.564713 , 0.214814 , -4.064270 ,39027
 1250 , 1250 , 1250 , 1250 , -5.376544 , -2.909271 , 0.132513 , -4.174026 ,39060
 1250 , 1250 , 1250 , 1250 , -7.763663 , 2.542084 , 0.174421 , -3.766067 ,39094
 1246 , 1246 , 1246 , 1246 , 9.139674 , 3.338906 , 0.326255 , -3.813647 ,39127
 1252 , 1252 , 1252 , 1252 , -4.285288 , 5.571733 , 0.360115 , -3.359149 ,39160
 1252 , 1252 , 1252 , 1252 , 15.657126 , 5.966576 , 0.571482 , -3.373475 ,39194
 1247 , 1247 , 1247 , 1247 , -13.947883 , 3.674855 , 0.346200 , -3.017163 ,39227
 1251 , 1251 , 1251 , 1251 , 17.171467 , 6.275826 , 0.526354 , -3.044335 ,39260
 1251 , 1251 , 1251 , 1251 , -50.389145 , -9.094586 , -0.365096 , -3.045487 ,39294
 1252 , 1252 , 1252 , 1252 , 15.456654 , 6.897441 , -0.257792 , -3.041315 ,39327
 1259 , 1259 , 1259 , 1259 , -63.191166 , -11.240302 , -1.352869 , -3.185339 ,39360
 1262 , 1262 , 1262 , 1262 , 16.938147 , 7.974159 , -1.168303 , -3.060522 ,39394
 1260 , 1260 , 1260 , 1260 , -69.990402 , -9.423740 , -2.305367 , -3.225440 ,39427
 1263 , 1263 , 1263 , 1263 , 17.509388 , 7.478976 , -2.029723 , -3.167850 ,39460
 1263 , 1263 , 1263 , 1263 , -74.065208 , -11.546130 , -3.142019 , -3.437444 ,39494
 1261 , 1261 , 1261 , 1261 , 18.526047 , 8.129789 , -2.735625 , -3.391356 ,39527
 1263 , 1263 , 1263 , 1263 , -73.339226 , -12.564232 , -3.717513 , -3.686254 ,39560
 1264 , 1264 , 1264 , 1264 , 19.725496 , 7.473186 , -3.233276 , -3.587723 ,39594
 1262 , 1262 , 1262 , 1262 , -63.950233 , -18.530987 , -3.981737 , -3.965872 ,39627
 1263 , 1263 , 1263 , 1263 , 16.573793 , 6.828384 , -3.562728 , -3.856642 ,39660
 1264 , 1264 , 1264 , 1264 , -62.312683 , -26.491899 , -4.315317 , -4.425045 ,39694
 1263 , 1263 , 1263 , 1263 , 16.527414 , 6.478115 , -3.978038 , -4.381703 ,39727
 1264 , 1264 , 1264 , 1264 , -51.021759 , -38.643375 , -4.611165 , -5.024974 ,39760
 1263 , 1263 , 1263 , 1263 , 17.165642 , 7.102450 , -4.342084 , -4.924675 ,39794
 1263 , 1263 , 1263 , 1263 , -24.920099 , -31.347555 , -4.654650 , -5.278381 ,39827
 1264 , 1264 , 1264 , 1264 , 15.447931 , 5.624799 , -4.499519 , -5.295948 ,39860
 1265 , 1265 , 1265 , 1265 , -31.889994 , -40.504105 , -4.977501 , -5.776229 ,39894
 1265 , 1265 , 1265 , 1265 , 11.611316 , 4.448164 , -4.873430 , -5.917868 ,39927
 1264 , 1264 , 1264 , 1264 , -11.271468 , -13.486979 , -5.042859 , -5.806264 ,39960
 1264 , 1264 , 1264 , 1264 , 13.007067 , 3.640229 , -4.832752 , -5.962063 ,39994
 1264 , 1264 , 1264 , 1264 , -2.677857 , 1.761902 , -4.821648 , -5.520522 ,40027
 1266 , 1266 , 1266 , 1266 , 5.835027 , -11.901743 , -4.587677 , -5.985740 ,40060
 1267 , 1267 , 1267 , 1267 , -1.894549 , 5.251567 , -4.516909 , -5.488070 ,40094
 1268 , 1268 , 1268 , 1268 , -6.203541 , -78.334602 , -4.446413 , -6.916182 ,40127
 1271 , 1271 , 1271 , 1271 , 6.219340 , 6.052863 , -4.137249 , -6.576291 ,40160
 1271 , 1271 , 1271 , 1271 , -23.196341 , -66.114525 , -4.326003 , -7.764886 ,40194
 1272 , 1272 , 1272 , 1272 , 11.732881 , 6.534406 , -3.839328 , -7.559234 ,40227
 1272 , 1272 , 1272 , 1272 , -46.992188 , -30.078152 , -4.465987 , -7.992008 ,40260
 1272 , 1272 , 1272 , 1272 , 16.080402 , 8.877572 , -4.014855 , -7.783809 ,40294
 1273 , 1273 , 1273 , 1273 , -39.801849 , -41.494648 , -4.606173 , -8.199718 ,40327
 1272 , 1272 , 1272 , 1272 , 13.614999 , 9.559812 , -4.331714 , -8.014915 ,40360
 1274 , 1274 , 1274 , 1274 , -40.570770 , -49.301529 , -5.045861 , -8.458620 ,40394
 1273 , 1273 , 1273 , 1273 , 21.422302 , 9.013323 , -4.678025 , -8.477064 ,40427
 1274 , 1274 , 1274 , 1274 , -14.822094 , -2.318753 , -5.143661 , -7.936017 ,40460
 1275 , 1275 , 1275 , 1275 , 30.510567 , 4.889636 , -4.586692 , -8.108335 ,40494
 1275 , 1275 , 1275 , 1275 , -7.591573 , 6.797521 , -4.794170 , -7.498777 ,40527
 1276 , 1276 , 1276 , 1276 , 27.757317 , -53.128086 , -4.323975 , -8.506480 ,40560
 1275 , 1275 , 1275 , 1275 , 0.119072 , 10.032223 , -4.184643 , -8.008935 ,40594
 1278 , 1278 , 1278 , 1278 , -60.116241 , -26.953777 , -5.261397 , -8.206782 ,40627
 1277 , 1277 , 1277 , 1277 , 21.345755 , 6.445513 , -4.562156 , -8.046829 ,40660
 1277 , 1277 , 1277 , 1277 , -51.309883 , -13.803858 , -5.250225 , -8.023568 ,40694
 1279 , 1279 , 1279 , 1279 , 19.661451 , -5.587662 , -4.781651 , -8.093234 ,40727
 1277 , 1277 , 1277 , 1277 , -6.469348 , 1.973284 , -4.596059 , -7.754456 ,40760
 1279 , 1279 , 1279 , 1279 , 17.857405 , -7.712903 , -4.209647 , -7.840192 ,40794
 1279 , 1279 , 1279 , 1279 , 6.537125 , 2.357279 , -3.841733 , -7.537223 ,40827
 1283 , 1283 , 1283 , 1283 , -24.975552 , -29.081535 , -4.229468 , -7.949452 ,40860
 1285 , 1285 , 1285 , 1285 , 18.562635 , 2.815649 , -3.840038 , -7.718142 ,40894
 1285 , 1285 , 1285 , 1285 , -28.378113 , -1.382320 , -4.364290 , -7.407762 ,40927
 1285 , 1285 , 1285 , 1285 , 28.692835 , -5.292664 , -3.990122 , -7.425779 ,40960
 1285 , 1285 , 1285 , 1285 , -10.308121 , 3.237820 , -4.176226 , -7.048158 ,40994
 1287 , 1287 , 1287 , 1287 , -18.928701 , -29.581614 , -4.712836 , -7.331789 ,41027
 1286 , 1286 , 1286 , 1286 , 20.038507 , -2.631214 , -4.362823 , -7.256741 ,41060
 1288 , 1288 , 1288 , 1288 , -16.191605 , 4.754552 , -4.729394 , -6.877849 ,41094
 1287 , 1287 , 1287 , 1287 , 25.576082 , -11.660352 , -4.372436 , -6.898034 ,41127
 1288 , 1288 , 1288 , 1288 , -4.305593 , -5.077937 , -4.276825 , -6.926897 ,41160
 1288 , 1288 , 1288 , 1288 , -9.026190 , -0.171763 , -4.386731 , -6.678567 ,41194
 1288 , 1288 , 1288 , 1288 , 25.241205 , -9.713420 , -3.732718 , -6.821291 ,41227
 1288 , 1288 , 1288 , 1288 , -11.063637 , 0.732245 , -3.642500 , -6.780177 ,41260
 1289 , 1289 , 1289 , 1289 , 4.349007 , -11.591821 , -3.412040 , -6.934426 ,41294
 1291 , 1291 , 1291 , 1291 , 17.171181 , -2.560254 , -2.808595 , -7.033510 ,41327
 1295 , 1295 , 1295 , 1295 , -20.652494 , 3.144422 , -2.945068 , -6.938233 ,41360
 1296 , 1296 , 1296 , 1296 , 22.367882 , -7.625539 , -2.499310 , -7.222254 ,41394
 1296 , 1296 , 1296 , 1296 , 11.784328 , 2.038850 , -2.121482 , -7.183765 ,41427
 1297 , 1297 , 1297 , 1297 , -31.896198 , -2.390718 , -2.590901 , -7.172147 ,41460
 1297 , 1297 , 1297 , 1297 , 22.622793 , -4.566577 , -2.306605 , -7.447407 ,41494
 1297 , 1297 , 1297 , 1297 , 4.296055 , 2.006957 , -2.249012 , -7.329535 ,41527
 1298 , 1298 , 1298 , 1298 , -37.989029 , -14.144582 , -2.982067 , -7.579574 ,41560
 1301 , 1301 , 1301 , 1301 , 17.027790 , -11.089573 , -2.906720 , -7.920000 ,41594
 1305 , 1305 , 1305 , 1305 , 0.357103 , 1.533102 , -2.928772 , -7.725285 ,41627
 1307 , 1307 , 1307 , 1307 , -38.319511 , -23.726131 , -3.604619 , -8.041185 ,41660
 1307 , 1307 , 1307 , 1307 , 11.513894 , -14.644289 , -3.501951 , -8.365448 ,41694
 1307 , 1307 , 1307 , 1307 , 3.947852 , 1.887623 , -3.304562 , -8.110177 ,41727
 1310 , 1310 , 1310 , 1310 , -48.870949 , -25.891075 , -3.944694 , -8.297888 ,41760
 1309 , 1309 , 1309 , 1309 , 1.340669 , -31.483984 , -3.829336 , -8.799258 ,41794
 1310 , 1310 , 1310 , 1310 , 9.351383 , 1.151068 , -3.454693 , -8.638164 ,41827
 1310 , 1310 , 1310 , 1310 , -4.221176 , 2.311739 , -3.268982 , -8.094115 ,41860
 1318 , 1318 , 1318 , 1318 , -29.295111 , -59.493977 , -3.555088 , -8.898837 ,41894
 1314 , 1314 , 1314 , 1314 , 4.758924 , -5.969625 , -3.396733 , -8.975900 ,41927
 1317 , 1317 , 1317 , 1317 , 10.496367 , 5.013295 , -3.068792 , -8.384519 ,41960
 1318 , 1318 , 1318 , 1318 , 0.172308 , -41.885479 , -2.910470 , -8.540588 ,41994
 1318 , 1318 , 1318 , 1318 , -19.589069 , -23.319241 , -3.222958 , -8.904522 ,42027
 1319 , 1319 , 1319 , 1319 , 7.229309 , 1.597587 , -3.231155 , -8.527470 ,42060
 1318 , 1318 , 1318 , 1318 , 13.189907 , 5.049718 , -3.120502 , -7.843106 ,42094
 1320 , 1320 , 1320 , 1320 , 34.202652 , -29.758118 , -2.472689 , -7.748747 ,42127
 1319 , 1319 , 1319 , 1319 , -40.147629 , -15.098086 , -3.193856 , -7.916085 ,42160
 1320 , 1320 , 1320 , 1320 , -2.730350 , -0.261948 , -3.478795 , -7.638077 ,42194
 1319 , 1319 , 1319 , 1319 , 18.940733 , 4.491571 , -3.209121 , -6.974695 ,42227
 1320 , 1320 , 1320 , 1320 , 15.588307 , 3.661394 , -2.803697 , -6.376169 ,42260
 1320 , 1320 , 1320 , 1320 , -60.196014 , -19.507244 , -3.705137 , -6.501858 ,42294
 1320 , 1320 , 1320 , 1320 , -5.260265 , 1.613456 , -3.884165 , -6.237195 ,42327
 1321 , 1321 , 1321 , 1321 , 17.132441 , 7.990313 , -3.439891 , -5.643844 ,42360
 1326 , 1326 , 1326 , 1326 , 26.307997 , 9.184012 , -2.698955 , -5.009602 ,42394
 1326 , 1326 , 1326 , 1326 , -53.460590 , -10.606737 , -3.359553 , -4.954978 ,42427
 1326 , 1326 , 1326 , 1326 , -13.668108 , 1.293369 , -3.528330 , -4.860440 ,42460
 1328 , 1328 , 1328 , 1328 , 12.847164 , 6.235182 , -3.189990 , -4.638022 ,42494
 1327 , 1327 , 1327 , 1327 , 21.419529 , 12.522534 , -2.561430 , -4.102893 ,42527
 1327 , 1327 , 1327 , 1327 , -13.043123 , 5.897241 , -2.618932 , -3.770970 ,42560
 1526 , 1526 , 1327 , 1327 , -60.660564 , -15.679749 , -3.579806 , -4.077932 ,42594
 1524 , 1524 , 1326 , 1326 , 3.493310 , 8.146369 , -3.554808 , -4.114410 ,42627
 1526 , 1526 , 1327 , 1327 , 14.381076 , 10.678653 , -3.287234 , -3.902190 ,42660
 1527 , 1527 , 1328 , 1328 , 14.872455 , 6.421668 , -3.078649 , -3.828525 ,42694
 1528 , 1528 , 1329 , 1329 , 10.034050 , 6.199923 , -2.956699 , -3.739789 ,42727
 1527 , 1527 , 1328 , 1328 , 9.498574 , 2.494613 , -2.872738 , -3.954367 ,42760
 1527 , 1527 , 1328 , 1328 , -8.288570 , 11.015554 , -3.112321 , -4.380337 ,42794
 1529 , 1529 , 1330 , 1330 , -18.846218 , 9.504076 , -3.447881 , -4.861604 ,42827
 1528 , 1528 , 1329 , 1329 , -15.994390 , -23.851675 , -3.609581 , -5.867579 ,42860
 1528 , 1528 , 1329 , 1329 , 25.253847 , -3.548618 , -2.980392 , -6.137237 ,42894
 1530 , 1530 , 1331 , 1331 , 3.592715 , -1.209971 , -2.951547 , -7.294177 ,42927
 1530 , 1530 , 1331 , 1331 , -56.008507 , -1.229655 , -3.769309 , -8.392823 ,42960
 1528 , 1528 , 1329 , 1329 , 22.033667 , 1.470146 , -3.378494 , -9.069166 ,42994
 1530 , 1530 , 1331 , 1331 , 8.913404 , -14.467651 , -3.271748 , -10.552972 ,43027
 1529 , 1529 , 1330 , 1330 , -4.544468 , -14.550419 , -3.153349 , -12.109166 ,43060
 1529 , 1529 , 1330 , 1330 , 20.396494 , 8.677109 , -2.697870 , -12.638594 ,43094
 1526 , 1526 , 1327 , 1327 , 1.582965 , -68.385857 , -2.725894 , -15.303524 ,43127
 1519 , 1519 , 1321 , 1321 , -14.609294 , -14.216404 , -2.956831 , -16.490238 ,43160
 1520 , 1520 , 1322 , 1322 , 17.297888 , -7.589345 , -2.568157 , -17.302404 ,43194
 1520 , 1520 , 1322 , 1322 , -23.226082 , -38.506847 , -2.890330 , -19.243929 ,43227
 1521 , 1521 , 1323 , 1323 , -21.201313 , -54.004280 , -3.006482 , -20.789356 ,43260
 1520 , 1520 , 1322 , 1322 , 19.833237 , -24.589321 , -2.661252 , -21.952850 ,43294
 1521 , 1521 , 1323 , 1323 , -24.955322 , -64.263641 , -2.979303 , -23.943518 ,43327
 1520 , 1520 , 1322 , 1322 , 13.865341 , -72.940941 , -2.423598 , -25.663628 ,43360
 1521 , 1521 , 1323 , 1323 , 5.237875 , -26.273397 , -2.364969 , -26.443665 ,43394
 1521 , 1521 , 1323 , 1323 , -13.903051 , -25.910700 , -2.458274 , -27.522797 ,43427
 1520 , 1520 , 1322 , 1322 , 13.946257 , -71.080978 , -2.193435 , -28.442154 ,43460
 1521 , 1521 , 1323 , 1323 , 16.283203 , -73.556961 , -1.941569 , -30.363852 ,43494
 1520 , 1520 , 1322 , 1322 , 9.145545 , -57.894547 , -1.614115 , -31.062349 ,43527
 1521 , 1521 , 1323 , 1323 , 19.824694 , -41.433571 , -1.291847 , -31.766556 ,43560
 1520 , 1520 , 1322 , 1322 , -25.127096 , -64.837051 , -1.952321 , -33.042976 ,43594
 1521 , 1521 , 1323 , 1323 , 15.827792 , -56.700584 , -1.793267 , -33.587181 ,43627
 1520 , 1520 , 1322 , 1322 , -2.992892 , -37.236698 , -2.210289 , -33.861294 ,43660
 1521 , 1521 , 1323 , 1323 , -9.903062 , -40.062729 , -2.377429 , -34.313145 ,43694
 1520 , 1520 , 1322 , 1322 , 32.643837 , -29.806749 , -1.951237 , -33.887146 ,43727
 1521 , 1521 , 1323 , 1323 , 1.848474 , -49.238106 , -2.057959 , -34.574142 ,43760
 1520 , 1520 , 1322 , 1322 , -16.750298 , -45.084377 , -2.395840 , -34.436893 ,43794
 1520 , 1520 , 1322 , 1322 , 13.847618 , -30.772324 , -2.155492 , -34.264626 ,43827
 1520 , 1520 , 1322 , 1322 , -26.323366 , -63.195755 , -2.675680 , -34.512943 ,43860
 1520 , 1520 , 1322 , 1322 , -0.743561 , -65.253136 , -2.376436 , -34.508263 ,43894
 1521 , 1521 , 1323 , 1323 , 5.599323 , -31.349249 , -2.280190 , -33.913483 ,43927
 1520 , 1520 , 1322 , 1322 , -12.142303 , -39.648746 , -2.224892 , -33.958401 ,43960
 1521 , 1521 , 1323 , 1323 , 9.034560 , -76.185188 , -1.907030 , -33.423626 ,43994
 1521 , 1521 , 1323 , 1323 , 1.814023 , -74.164886 , -1.800549 , -33.473465 ,44027
 1520 , 1520 , 1322 , 1322 , -41.079147 , -48.667221 , -2.250601 , -32.866360 ,44060
 1520 , 1520 , 1322 , 1322 , 23.029068 , -38.861565 , -1.678295 , -31.989435 ,44094
 1521 , 1521 , 1323 , 1323 , -5.139605 , -31.501509 , -1.803649 , -31.386120 ,44127
 1520 , 1520 , 1322 , 1322 , -12.553382 , -33.218086 , -1.827881 , -30.590855 ,44160
 1521 , 1521 , 1323 , 1323 , 34.575115 , -14.942339 , -1.218058 , -29.028315 ,44194
 1522 , 1522 , 1324 , 1324 , -2.273432 , -31.311539 , -1.291627 , -28.581377 ,44227
 1520 , 1520 , 1322 , 1322 , -24.603851 , -56.468090 , -1.630371 , -27.910170 ,44260
 1521 , 1521 , 1323 , 1323 , 14.323659 , -15.717347 , -1.309779 , -26.929092 ,44294
 1521 , 1521 , 1323 , 1323 , -29.084146 , -41.018402 , -1.859477 , -26.370262 ,44327
 1520 , 1520 , 1322 , 1322 , 7.712498 , -48.407898 , -1.455101 , -25.823204 ,44360
 1520 , 1520 , 1322 , 1322 , 9.516785 , -19.568357 , -1.330513 , -24.753471 ,44394
 1521 , 1521 , 1323 , 1323 , -13.659700 , -20.657087 , -1.503447 , -24.361534 ,44427
 1520 , 1520 , 1322 , 1322 , 3.242120 , -3.296669 , -1.367471 , -22.753269 ,44460
 1520 , 1520 , 1322 , 1322 , 10.627601 , -14.634800 , -0.991526 , -21.994942 ,44494
 1521 , 1521 , 1323 , 1323 , -29.428095 , -45.182995 , -1.366469 , -21.926048 ,44527
 1522 , 1522 , 1324 , 1324 , 24.589815 , -27.715101 , -0.839077 , -21.238188 ,44560
 1520 , 1520 , 1322 , 1322 , 1.722869 , -13.339708 , -0.884958 , -20.889771 ,44594
 1520 , 1520 , 1322 , 1322 , -4.434897 , -5.073895 , -0.778233 , -20.254530 ,44627
 1521 , 1521 , 1323 , 1323 , 41.619865 , 1.213374 , 0.019925 , -19.396156 ,44660
 1521 , 1521 , 1323 , 1323 , 1.364869 , -56.372822 , -0.071377 , -20.112795 ,44694
 1520 , 1520 , 1322 , 1322 , -30.412439 , -47.702049 , -0.547973 , -20.592876 ,44727
 1521 , 1521 , 1323 , 1323 , 16.560564 , -6.905890 , -0.194554 , -20.070824 ,44760
 1520 , 1520 , 1322 , 1322 , 1.063668 , -11.965413 , -0.374246 , -20.415590 ,44794
 1521 , 1521 , 1323 , 1323 , 0.552630 , -25.524914 , -0.281843 , -20.704721 ,44827
 1520 , 1520 , 1322 , 1322 , 17.157959 , -7.431452 , -0.228256 , -20.926489 ,44860
 1522 , 1522 , 1324 , 1324 , -19.091459 , -32.482430 , -0.647205 , -21.899120 ,44894
 1520 , 1520 , 1322 , 1322 , 15.985549 , 14.230543 , -0.268164 , -21.787830 ,44927
 1520 , 1520 , 1322 , 1322 , 14.506344 , -15.175853 , -0.080681 , -22.503809 ,44960
 1522 , 1522 , 1324 , 1324 , -38.451580 , -49.623932 , -0.728964 , -24.134804 ,44994
 1522 , 1522 , 1324 , 1324 , 16.575157 , -17.916794 , -0.420660 , -24.570261 ,45027
 1520 , 1520 , 1322 , 1322 , 0.420497 , -24.546316 , -0.462857 , -25.776571 ,45060
 1522 , 1522 , 1324 , 1324 , -8.939842 , -9.054634 , -0.478568 , -26.462603 ,45094
 1521 , 1521 , 1323 , 1323 , 30.249653 , -22.444962 , 0.011632 , -27.282122 ,45127
 1522 , 1522 , 1324 , 1324 , -9.173165 , -72.043282 , -0.159793 , -29.171919 ,45160
 1520 , 1520 , 1322 , 1322 , -21.997721 , -60.865208 , -0.401537 , -30.725952 ,45194
 1521 , 1521 , 1323 , 1323 , 12.955342 , -18.339224 , -0.237099 , -31.197996 ,45227
 1522 , 1522 , 1324 , 1324 , -14.281877 , -45.791111 , -0.697034 , -32.521751 ,45260
 1522 , 1522 , 1324 , 1324 , 3.774642 , -36.811039 , -0.484556 , -33.456810 ,45294
 1520 , 1520 , 1322 , 1322 , 16.039513 , -39.565357 , -0.321329 , -34.417847 ,45327
 1521 , 1521 , 1323 , 1323 , -14.591111 , -25.055012 , -0.626943 , -35.165215 ,45360
 1520 , 1520 , 1322 , 1322 , -15.102435 , -72.885712 , -0.813641 , -35.741932 ,45394
 1521 , 1521 , 1323 , 1323 , 5.853718 , -48.344666 , -0.765717 , -36.501495 ,45427
 1521 , 1521 , 1323 , 1323 , -19.598135 , -49.071507 , -1.178013 , -37.379646 ,45460
 1520 , 1520 , 1322 , 1322 , 27.828140 , -62.097042 , -0.467703 , -37.692867 ,45494
 1522 , 1522 , 1324 , 1324 , -6.831571 , -31.954834 , -0.707650 , -37.948864 ,45527
 1521 , 1521 , 1323 , 1323 , -10.417168 , -31.000610 , -0.788064 , -37.944908 ,45560
 1324 , 1324 , 1324 , 1324 , 32.744522 , -56.060955 , -0.123012 , -37.705223 ,45594
 1324 , 1324 , 1324 , 1324 , -2.874373 , -52.612411 , -0.076484 , -38.057968 ,45627
 1323 , 1323 , 1323 , 1323 , -20.420076 , -44.451729 , -0.362126 , -37.766918 ,45660
 1324 , 1324 , 1324 , 1324 , 6.484766 , -66.527405 , -0.057745 , -37.412136 ,45694
 1322 , 1322 , 1322 , 1322 , 17.511080 , -36.837040 , 0.284852 , -36.762299 ,45727
 1323 , 1323 , 1323 , 1323 , 11.156363 , -42.594910 , 0.419811 , -36.209820 ,45760
 1324 , 1324 , 1324 , 1324 , -14.847922 , -56.454952 , 0.083855 , -35.901333 ,45794
 1323 , 1323 , 1323 , 1323 , -16.750223 , -59.734009 , -0.293823 , -35.439865 ,45827
 1324 , 1324 , 1324 , 1324 , -18.550562 , -67.995384 , -0.773300 , -35.090576 ,45860
 1323 , 1323 , 1323 , 1323 , -10.659872 , -54.586342 , -0.928309 , -34.476707 ,45894
 1324 , 1324 , 1324 , 1324 , -19.984289 , -60.786449 , -1.274000 , -33.811832 ,45927
 1323 , 1323 , 1323 , 1323 , -11.781600 , -38.860073 , -1.531319 , -32.513821 ,45960
 1323 , 1323 , 1323 , 1323 , -15.782114 , -46.510342 , -1.912405 , -31.343702 ,45994
 1322 , 1322 , 1322 , 1322 , 5.262037 , -60.395035 , -1.907009 , -30.558653 ,46027
 1324 , 1324 , 1324 , 1324 , 13.790737 , -17.965126 , -1.626922 , -28.896864 ,46060
 1323 , 1323 , 1323 , 1323 , 11.391025 , -9.109046 , -1.344232 , -27.349472 ,46094
 1323 , 1323 , 1323 , 1323 , 9.169027 , -0.666720 , -1.121058 , -25.298544 ,46127
 1323 , 1323 , 1323 , 1323 , 8.188664 , -2.163507 , -0.800970 , -23.326042 ,46160
 1323 , 1323 , 1323 , 1323 , 27.845383 , -19.204014 , -0.188279 , -21.951355 ,46194
 1323 , 1323 , 1323 , 1323 , -30.528265 , -18.851387 , -0.425390 , -20.698030 ,46227
 1323 , 1323 , 1323 , 1323 , -12.378753 , 0.203131 , -0.494469 , -19.385305 ,46260
 1323 , 1323 , 1323 , 1323 , -7.314473 , -1.961301 , -0.692711 , -18.114906 ,46294
 1324 , 1324 , 1324 , 1324 , 3.962662 , 3.503844 , -0.620708 , -16.823244 ,46327
 1323 , 1323 , 1323 , 1323 , 13.035261 , 3.230105 , -0.425237 , -15.620418 ,46360
 1323 , 1323 , 1323 , 1323 , 12.846857 , 12.468895 , -0.235497 , -14.125982 ,46394
 1324 , 1324 , 1324 , 1324 , -5.503289 , 22.370934 , -0.386442 , -12.771824 ,46427
 1324 , 1324 , 1324 , 1324 , -74.385803 , 9.313278 , -1.698497 , -11.509917 ,46460
 1324 , 1324 , 1324 , 1324 , -41.346054 , -0.957901 , -2.479073 , -10.805050 ,46494
 1322 , 1322 , 1322 , 1322 , 16.424561 , -6.719040 , -2.401526 , -10.758611 ,46527
 1323 , 1323 , 1323 , 1323 , 11.500749 , 12.206002 , -2.246378 , -9.852914 ,46560
 1323 , 1323 , 1323 , 1323 , 12.118688 , 17.769562 , -1.999953 , -9.090455 ,46594
 1323 , 1323 , 1323 , 1323 , -23.186419 , 26.789339 , -2.405745 , -7.804464 ,46627
 1323 , 1323 , 1323 , 1323 , -80.114166 , -5.962670 , -3.661562 , -7.662038 ,46660
 1324 , 1324 , 1324 , 1324 , -21.020781 , -11.926514 , -3.930108 , -8.132089 ,46694
 1324 , 1324 , 1324 , 1324 , 11.402043 , 16.394558 , -3.567542 , -7.724220 ,46727
 1323 , 1323 , 1323 , 1323 , 7.914441 , 18.418537 , -3.290198 , -7.150210 ,46760
 1323 , 1323 , 1323 , 1323 , -12.908270 , 27.382324 , -3.376774 , -6.345323 ,46794
 1324 , 1324 , 1324 , 1324 , -88.420212 , -1.558936 , -4.583693 , -6.618416 ,46827
 1323 , 1323 , 1323 , 1323 , 7.237203 , 16.095310 , -4.196009 , -6.845152 ,46860
 1324 , 1324 , 1324 , 1324 , 11.617589 , 16.446533 , -3.789908 , -6.869473 ,46894
 1323 , 1323 , 1323 , 1323 , 5.460089 , 17.352283 , -3.601832 , -6.628868 ,46927
 1324 , 1324 , 1324 , 1324 , -49.982613 , 21.945461 , -4.377797 , -6.536891 ,46960
 1324 , 1324 , 1324 , 1324 , -46.185997 , 1.646626 , -5.075926 , -7.074384 ,46994
 1323 , 1323 , 1323 , 1323 , 17.224918 , 13.160493 , -4.689036 , -7.435999 ,47027
 1322 , 1322 , 1322 , 1322 , 5.848749 , 11.198635 , -4.577503 , -7.705729 ,47060
 1322 , 1322 , 1322 , 1322 , -1.281621 , 11.532672 , -4.700561 , -7.922912 ,47094
 1323 , 1323 , 1323 , 1323 , -15.666598 , 9.170499 , -5.066309 , -8.252816 ,47127
 1324 , 1324 , 1324 , 1324 , 11.810491 , 6.241274 , -4.895670 , -8.695584 ,47160
 1323 , 1323 , 1323 , 1323 , 5.638351 , 4.612670 , -4.772956 , -9.153911 ,47194
 1324 , 1324 , 1324 , 1324 , 1.266275 , 3.162049 , -4.771982 , -9.551669 ,47227
 1324 , 1324 , 1324 , 1324 , -6.145455 , -2.497962 , -4.893926 , -9.902074 ,47260
 1324 , 1324 , 1324 , 1324 , -9.585617 , -0.527715 , -4.944182 , -10.261325 ,47294
 1324 , 1324 , 1324 , 1324 , -4.318880 , -21.134857 , -4.891372 , -10.940512 ,47327
 1324 , 1324 , 1324 , 1324 , 5.134004 , -2.534635 , -4.578958 , -11.204192 ,47360
 1323 , 1323 , 1323 , 1323 , 7.439568 , -2.038730 , -4.255754 , -11.361732 ,47394
 1323 , 1323 , 1323 , 1323 , 8.562548 , -5.171200 , -3.853328 , -11.203396 ,47427
 1323 , 1323 , 1323 , 1323 , -15.266512 , -9.252636 , -3.834615 , -11.415631 ,47460
 1323 , 1323 , 1323 , 1323 , -22.178511 , -52.750259 , -4.148156 , -12.376196 ,47494
 1324 , 1324 , 1324 , 1324 , 7.286001 , -10.195098 , -3.842930 , -12.353465 ,47527
 1324 , 1324 , 1324 , 1324 , 18.881847 , -2.280802 , -3.332749 , -12.382038 ,47560
 1323 , 1323 , 1323 , 1323 , 6.521610 , -0.433840 , -3.065107 , -11.644855 ,47594
 1323 , 1323 , 1323 , 1323 , -28.067919 , -19.259415 , -3.509541 , -11.572221 ,47627
 1324 , 1324 , 1324 , 1324 , -26.198767 , -63.606876 , -4.063362 , -12.437051 ,47660
 1323 , 1323 , 1323 , 1323 , 14.824121 , -4.895322 , -3.763099 , -12.149588 ,47694
 1324 , 1324 , 1324 , 1324 , 14.096172 , -2.455833 , -3.564902 , -11.785729 ,47727
 1323 , 1323 , 1323 , 1323 , -5.553326 , -10.391788 , -3.777456 , -11.173110 ,47760
 1323 , 1323 , 1323 , 1323 , -27.168318 , -23.115070 , -4.285855 , -11.153212 ,47794
 1323 , 1323 , 1323 , 1323 , -9.612879 , -17.115808 , -4.469826 , -10.971875 ,47827
 1324 , 1324 , 1324 , 1324 , 5.416092 , -2.660642 , -4.384592 , -10.585910 ,47860
 1322 , 1322 , 1322 , 1322 , 8.175741 , -6.682718 , -4.240049 , -10.210635 ,47894
 1323 , 1323 , 1323 , 1323 , 8.516248 , -15.189104 , -3.999943 , -9.966004 ,47927
 1323 , 1323 , 1323 , 1323 , -9.783763 , 4.016499 , -3.967651 , -9.703203 ,47960
 1323 , 1323 , 1323 , 1323 , -10.869366 , 3.959795 , -4.056430 , -9.298275 ,47994
 1323 , 1323 , 1323 , 1323 , 4.365592 , 0.181724 , -3.907962 , -9.056546 ,48027
 1322 , 1322 , 1322 , 1322 , 20.946074 , -6.922631 , -3.294736 , -9.013901 ,48060
 1322 , 1322 , 1322 , 1322 , 7.203069 , 2.829792 , -2.812581 , -8.964511 ,48094
 1322 , 1322 , 1322 , 1322 , -5.891793 , 10.677451 , -2.667386 , -8.856423 ,48127
 1322 , 1322 , 1322 , 1322 , -12.895452 , 8.427684 , -2.896157 , -8.626962 ,48160
 1323 , 1323 , 1323 , 1323 , 19.103848 , -4.752514 , -2.583109 , -8.828424 ,48194
 1322 , 1322 , 1322 , 1322 , 27.116686 , -4.126286 , -2.047054 , -9.148537 ,48227
 1322 , 1322 , 1322 , 1322 , 12.332785 , 7.257507 , -1.705767 , -9.243539 ,48260
 1322 , 1322 , 1322 , 1322 , -8.757119 , 10.566570 , -1.903694 , -9.243542 ,48294
 1323 , 1323 , 1323 , 1323 , -38.492699 , -4.904481 , -2.740138 , -9.525910 ,48327
 1323 , 1323 , 1323 , 1323 , 4.823435 , -28.368647 , -2.860172 , -10.470089 ,48360
 1323 , 1323 , 1323 , 1323 , 18.353334 , 1.824770 , -2.514470 , -10.804010 ,48394
 1322 , 1322 , 1322 , 1322 , 13.946765 , 4.868125 , -2.185465 , -10.858457 ,48427
 1321 , 1321 , 1321 , 1321 , -16.121248 , -4.856402 , -2.458767 , -10.862273 ,48460
 1320 , 1320 , 1320 , 1320 , -32.343754 , -54.444962 , -2.999910 , -12.055387 ,48494
 1321 , 1321 , 1321 , 1321 , 7.567098 , -40.949741 , -2.787303 , -13.110708 ,48527
 1320 , 1320 , 1320 , 1320 , 9.050062 , -0.418852 , -2.383225 , -13.140672 ,48560
 1320 , 1320 , 1320 , 1320 , 5.909665 , -1.349499 , -2.060787 , -12.786303 ,48594
 1321 , 1321 , 1321 , 1321 , -11.193235 , -24.769020 , -2.066599 , -12.688557 ,48627
 1321 , 1321 , 1321 , 1321 , -17.189856 , -64.010757 , -2.176022 , -13.663354 ,48660
 1322 , 1322 , 1322 , 1322 , 12.347364 , -13.566296 , -1.794207 , -13.837033 ,48694
 1321 , 1321 , 1321 , 1321 , 8.012592 , 1.005522 , -1.510823 , -13.379665 ,48727
 1321 , 1321 , 1321 , 1321 , 1.797689 , 0.427107 , -1.501167 , -12.417202 ,48760
 1322 , 1322 , 1322 , 1322 , -14.730800 , -55.920631 , -1.779213 , -12.646111 ,48794
 1320 , 1320 , 1320 , 1320 , -15.430902 , -67.045280 , -2.048550 , -13.439706 ,48827
 1320 , 1320 , 1320 , 1320 , 8.143458 , -8.631669 , -1.966614 , -13.220468 ,48860
 1321 , 1321 , 1321 , 1321 , 3.669248 , 7.547300 , -2.017725 , -12.159842 ,48894
 1321 , 1321 , 1321 , 1321 , -10.883988 , 1.760825 , -2.344525 , -10.952662 ,48927
 1320 , 1320 , 1320 , 1320 , -22.886610 , -59.849648 , -2.751328 , -11.292380 ,48960
 1320 , 1320 , 1320 , 1320 , 8.397637 , -18.627481 , -2.596195 , -11.332779 ,48994
 1321 , 1321 , 1321 , 1321 , 6.793710 , 0.122708 , -2.405172 , -10.603236 ,49027
 1320 , 1320 , 1320 , 1320 , -1.485571 , 11.978182 , -2.337901 , -9.639449 ,49060
 1319 , 1319 , 1319 , 1319 , -58.055836 , -27.362692 , -3.152943 , -9.242896 ,49094
 1297 , 1297 , 1297 , 1297 , 3.647822 , -8.615990 , -2.840049 , -8.903309 ,49127
 1249 , 1249 , 1249 , 1249 , 18.490448 , -2.919935 , -2.260092 , -8.950928 ,49160
 1243 , 1243 , 1243 , 1243 , 1.611830 , 12.328994 , -1.950905 , -8.052029 ,49194
 1164 , 1164 , 1164 , 1164 , -10.985199 , 18.837215 , -1.901321 , -7.473783 ,49227
 1109 , 1109 , 1109 , 1109 , 0.511772 , -27.723942 , -1.820858 , -7.819605 ,49260
 1077 , 1077 , 1077 , 1077 , 10.926372 , 8.997909 , -1.431343 , -7.424066 ,49293
 1036 , 1036 , 1036 , 1036 , -6.424181 , 14.659924 , -1.490910 , -7.214131 ,49327
 1001 , 1001 , 1001 , 1001 , 16.169811 , 1.828598 , -1.319974 , -7.324312 ,49360
 999 , 999 , 999 , 999 , 5.201322 , 13.867797 , -1.261860 , -6.905018 ,49393
 1000 , 1000 , 1000 , 1000 , 24.136015 , 12.271331 , -0.980623 , -7.185184 ,49427
 999 , 999 , 999 , 999 , -6.581396 , 12.421703 , -1.259940 , -6.868094 ,49460
 1000 , 1000 , 1000 , 1000 , 9.403603 , 12.456432 , -1.187560 , -6.887949 ,49493
 999 , 999 , 999 , 999 , 12.021465 , 9.260369 , -1.061906 , -7.232129 ,49527
 999 , 999 , 999 , 999 , -24.673899 , -14.923504 , -1.498947 , -7.694940 ,49560
 1000 , 1000 , 1000 , 1000 , -8.115058 , -4.014908 , -1.592075 , -7.879909 ,49593
 999 , 999 , 999 , 999 , -2.134225 , -2.084182 , -1.537311 , -8.032746 ,49627
 999 , 999 , 999 , 999 , 0.909131 , -3.738454 , -1.393234 , -8.216846 ,49660
 999 , 999 , 999 , 999 , 3.363930 , -6.665617 , -1.170786 , -8.425634 ,49693
 1000 , 1000 , 1000 , 1000 , 7.278149 , -7.597627 , -0.837713 , -8.605296 ,49727
 1000 , 1000 , 1000 , 1000 , 7.342367 , -6.768933 , -0.487154 , -8.694630 ,49760
 999 , 999 , 999 , 999 , 2.113898 , -9.467742 , -0.258868 , -8.681629 ,49793
 1000 , 1000 , 1000 , 1000 , -0.979211 , -19.221081 , -0.166869 , -8.728476 ,49827
 1000 , 1000 , 1000 , 1000 , 2.247634 , -21.323845 , -0.103061 , -8.789646 ,49860
 999 , 999 , 999 , 999 , 6.407862 , -13.736894 , 0.007459 , -8.693890 ,49893
 999 , 999 , 999 , 999 , -0.277710 , -14.967633 , -0.055335 , -8.444076 ,49927
 1000 , 1000 , 1000 , 1000 , 4.833253 , -15.335111 , -0.048515 , -8.223638 ,49960
 1000 , 1000 , 1000 , 1000 , 1.504224 , -10.887246 , -0.091381 , -7.896943 ,49993
 999 , 999 , 999 , 999 , 3.814583 , -8.548179 , -0.139677 , -7.458725 ,50027
 999 , 999 , 999 , 999 , 1.262506 , -6.398145 , -0.145052 , -7.005664 ,50060
 1000 , 1000 , 1000 , 1000 , 5.735956 , -3.063481 , -0.102902 , -6.431996 ,50093
 999 , 999 , 999 , 999 , -2.631982 , -1.371639 , -0.102697 , -5.857619 ,50127
 999 , 999 , 999 , 999 , 2.763844 , 0.732155 , -0.004885 , -5.329121 ,50160
 999 , 999 , 999 , 999 , 2.036668 , 7.993289 , 0.091252 , -4.692852 ,50193
 999 , 999 , 999 , 999 , 0.160052 , 9.073546 , 0.202484 , -4.128390 ,50227
 1000 , 1000 , 1000 , 1000 , 3.442133 , 9.712646 , 0.372928 , -3.678942 ,50260
 1000 , 1000 , 1000 , 1000 , 5.903246 , 13.060989 , 0.564323 , -3.215387 ,50293
 1000 , 1000 , 1000 , 1000 , 3.611881 , 17.317009 , 0.672802 , -2.786443 ,50327
 999 , 999 , 999 , 999 , 1.858922 , 18.426926 , 0.707142 , -2.468327 ,50360
 999 , 999 , 999 , 999 , 1.230417 , 17.298985 , 0.692167 , -2.282112 ,50393
 1000 , 1000 , 1000 , 1000 , 0.683257 , 15.510849 , 0.649167 , -2.232920 ,50427
 999 , 999 , 999 , 999 , 0.540424 , 14.391574 , 0.597513 , -2.247231 ,50460
 1000 , 1000 , 1000 , 1000 , 2.040251 , 12.979420 , 0.578642 , -2.349352 ,50493
 1000 , 1000 , 1000 , 1000 , 4.010845 , 11.579780 , 0.610746 , -2.540410 ,50527
 999 , 999 , 999 , 999 , 5.042581 , 10.198385 , 0.683371 , -2.818521 ,50560
 1000 , 1000 , 1000 , 1000 , 4.882603 , 7.132792 , 0.790916 , -3.176227 ,50593
 999 , 999 , 999 , 999 , 3.661114 , 3.285821 , 0.921234 , -3.598018 ,50627
 1000 , 1000 , 1000 , 1000 , 2.884865 , -0.692092 , 1.072875 , -4.060303 ,50660
 999 , 999 , 999 , 999 , 3.064319 , -5.745770 , 1.254323 , -4.581325 ,50693
 1000 , 1000 , 1000 , 1000 , 3.213410 , -9.024596 , 1.437434 , -5.113853 ,50727
 1000 , 1000 , 1000 , 1000 , 2.842784 , -12.439911 , 1.604323 , -5.661686 ,50760
 1000 , 1000 , 1000 , 1000 , 0.789622 , -13.806448 , 1.709507 , -6.138763 ,50793
 999 , 999 , 999 , 999 , 1.383391 , -18.365137 , 1.769332 , -6.586180 ,50827
 1000 , 1000 , 1000 , 1000 , 1.675730 , -18.980053 , 1.771576 , -6.942898 ,50860
 1000 , 1000 , 1000 , 1000 , 1.013525 , -21.214279 , 1.718317 , -7.259806 ,50893
 999 , 999 , 999 , 999 , 1.957521 , -19.545441 , 1.632848 , -7.471959 ,50927
 1000 , 1000 , 1000 , 1000 , 2.007346 , -17.526180 , 1.528862 , -7.552255 ,50960
 1000 , 1000 , 1000 , 1000 , -0.206789 , -18.445515 , 1.386667 , -7.548884 ,50993
 1000 , 1000 , 1000 , 1000 , -0.534427 , -17.222656 , 1.219958 , -7.482469 ,51027
 1000 , 1000 , 1000 , 1000 , 0.419335 , -13.266326 , 1.106564 , -7.308448 ,51060
 999 , 999 , 999 , 999 , 0.812365 , -11.139901 , 1.052147 , -7.042166 ,51093
 1000 , 1000 , 1000 , 1000 , 0.077805 , -6.771839 , 1.041862 , -6.687210 ,51127
 999 , 999 , 999 , 999 , 1.987566 , -4.734847 , 1.113535 , -6.299574 ,51160
 1000 , 1000 , 1000 , 1000 , 1.398992 , -2.092083 , 1.232013 , -5.925450 ,51193
 1000 , 1000 , 1000 , 1000 , 3.248011 , 3.538838 , 1.388654 , -5.468794 ,51227
 1000 , 1000 , 1000 , 1000 , 3.934188 , 2.348203 , 1.590862 , -5.044811 ,51260
 1000 , 1000 , 1000 , 1000 , 2.604531 , 6.529824 , 1.724705 , -4.654179 ,51293
 1000 , 1000 , 1000 , 1000 , 5.361558 , 8.781487 , 1.879700 , -4.234732 ,51327
 999 , 999 , 999 , 999 , 3.221483 , 6.396366 , 1.950410 , -3.966755 ,51360
 1000 , 1000 , 1000 , 1000 , 4.078989 , 11.322060 , 1.967623 , -3.642249 ,51393
 999 , 999 , 999 , 999 , 5.251267 , 7.547544 , 1.961294 , -3.455318 ,51427
 1000 , 1000 , 1000 , 1000 , 3.266363 , 9.993393 , 1.888212 , -3.285827 ,51460
 1000 , 1000 , 1000 , 1000 , 3.567024 , 6.208632 , 1.768129 , -3.214812 ,51493
 1000 , 1000 , 1000 , 1000 , 3.220638 , 5.975340 , 1.677446 , -3.213162 ,51527
 999 , 999 , 999 , 999 , 2.019339 , 3.788236 , 1.545206 , -3.236646 ,51560
 999 , 999 , 999 , 999 , 1.932279 , 0.324239 , 1.488913 , -3.362416 ,51593
 1000 , 1000 , 1000 , 1000 , 1.063347 , -0.787644 , 1.440025 , -3.464863 ,51627
 999 , 999 , 999 , 999 , 1.263986 , -5.498856 , 1.468152 , -3.647171 ,51660
 999 , 999 , 999 , 999 , 0.645863 , -5.187334 , 1.533698 , -3.781579 ,51693
 999 , 999 , 999 , 999 , 2.271329 , -9.507240 , 1.662978 , -3.945804 ,51727
 999 , 999 , 999 , 999 , 0.737233 , -9.532125 , 1.799936 , -4.063949 ,51760
 999 , 999 , 999 , 999 , 2.594146 , -11.935138 , 1.958030 , -4.163796 ,51793
 1000 , 1000 , 1000 , 1000 , 2.321148 , -12.672542 , 2.100219 , -4.228262 ,51827
 1000 , 1000 , 1000 , 1000 , 1.815503 , -12.159327 , 2.181729 , -4.219024 ,51860
 999 , 999 , 999 , 999 , 3.359181 , -12.769559 , 2.254180 , -4.179737 ,51893
 999 , 999 , 999 , 999 , 1.487075 , -11.129643 , 2.230869 , -4.061205 ,51927
 999 , 999 , 999 , 999 , 3.172229 , -9.926176 , 2.195339 , -3.887202 ,51960
 999 , 999 , 999 , 999 , 1.999455 , -7.295152 , 2.098795 , -3.651359 ,51993
 999 , 999 , 999 , 999 , 2.284782 , -5.328306 , 1.991091 , -3.366106 ,52027
 1000 , 1000 , 1000 , 1000 , 2.106277 , -2.306343 , 1.882444 , -3.043757 ,52060
 999 , 999 , 999 , 999 , 1.748620 , 0.609284 , 1.789786 , -2.692755 ,52093
 1000 , 1000 , 1000 , 1000 , 1.579982 , 3.147760 , 1.732539 , -2.340206 ,52127
 999 , 999 , 999 , 999 , 1.080803 , 5.756045 , 1.715409 , -1.993365 ,52160
 1000 , 1000 , 1000 , 1000 , 1.253774 , 7.938354 , 1.752599 , -1.675398 ,52193
 999 , 999 , 999 , 999 , 1.836010 , 10.000720 , 1.840315 , -1.395728 ,52227
 1000 , 1000 , 1000 , 1000 , 1.904946 , 11.299503 , 1.958007 , -1.165867 ,52260
 999 , 999 , 999 , 999 , 2.819578 , 12.303008 , 2.104663 , -0.995875 ,52293
 999 , 999 , 999 , 999 , 2.908370 , 12.905646 , 2.241880 , -0.894607 ,52327
 999 , 999 , 999 , 999 , 3.591760 , 12.405223 , 2.366739 , -0.876852 ,52360
 1000 , 1000 , 1000 , 1000 , 3.655998 , 11.833347 , 2.453473 , -0.934803 ,52393
 1000 , 1000 , 1000 , 1000 , 3.828920 , 9.965046 , 2.502600 , -1.083486 ,52427
 999 , 999 , 999 , 999 , 3.545155 , 8.208171 , 2.504026 , -1.311898 ,52460
 999 , 999 , 999 , 999 , 3.753613 , 5.914488 , 2.470306 , -1.608258 ,52493
 999 , 999 , 999 , 999 , 3.485893 , 2.839269 , 2.409850 , -1.968849 ,52527
 1000 , 1000 , 1000 , 1000 , 2.912945 , -0.174433 , 2.328570 , -2.372095 ,52560
 999 , 999 , 999 , 999 , 2.541102 , -3.547775 , 2.249748 , -2.814690 ,52593
 999 , 999 , 999 , 999 , 1.663406 , -6.586054 , 2.177280 , -3.264042 ,52627
 1000 , 1000 , 1000 , 1000 , 1.781292 , -9.326847 , 2.146082 , -3.706079 ,52660
 1000 , 1000 , 1000 , 1000 , 1.051304 , -11.783132 , 2.142043 , -4.126066 ,52693
 999 , 999 , 999 , 999 , 0.867352 , -14.456834 , 2.171222 , -4.518016 ,52727
 1000 , 1000 , 1000 , 1000 , 1.012686 , -15.704503 , 2.235418 , -4.849406 ,52760
 999 , 999 , 999 , 999 , 0.904699 , -17.034874 , 2.313015 , -5.118703 ,52793
 1000 , 1000 , 1000 , 1000 , 1.278587 , -17.539238 , 2.399847 , -5.316864 ,52827
 1000 , 1000 , 1000 , 1000 , 1.296262 , -17.309372 , 2.472711 , -5.427380 ,52860
 1000 , 1000 , 1000 , 1000 , 1.865396 , -16.537540 , 2.532061 , -5.453739 ,52893
 1000 , 1000 , 1000 , 1000 , 2.011381 , -14.910239 , 2.556530 , -5.380250 ,52927
 1000 , 1000 , 1000 , 1000 , 2.252522 , -13.230743 , 2.553622 , -5.224891 ,52960
 1000 , 1000 , 1000 , 1000 , 2.402200 , -10.607998 , 2.516336 , -4.983057 ,52993
 1000 , 1000 , 1000 , 1000 , 2.616724 , -7.926925 , 2.461838 , -4.672956 ,53027
 999 , 999 , 999 , 999 , 2.427394 , -5.062144 , 2.389972 , -4.308711 ,53060
 999 , 999 , 999 , 999 , 2.257943 , -2.244497 , 2.318189 , -3.905704 ,53093
 999 , 999 , 999 , 999 , 2.336377 , 0.469836 , 2.264743 , -3.483594 ,53127
 999 , 999 , 999 , 999 , 1.898068 , 3.083603 , 2.225491 , -3.052619 ,53160
 999 , 999 , 999 , 999 , 2.224888 , 5.092822 , 2.225404 , -2.635386 ,53193
 1000 , 1000 , 1000 , 1000 , 1.859331 , 7.128736 , 2.246889 , -2.236329 ,53227
 999 , 999 , 999 , 999 , 2.393549 , 8.315275 , 2.303704 , -1.878432 ,53260
 999 , 999 , 999 , 999 , 2.348295 , 9.335712 , 2.375758 , -1.566395 ,53293
 999 , 999 , 999 , 999 , 2.766328 , 9.592450 , 2.457836 , -1.311613 ,53327
 999 , 999 , 999 , 999 , 3.145260 , 9.460249 , 2.540456 , -1.124064 ,53360
 999 , 999 , 999 , 999 , 3.204533 , 8.849872 , 2.604396 , -1.001751 ,53393
 999 , 999 , 999 , 999 , 3.614234 , 7.586569 , 2.650984 , -0.952188 ,53427
 1000 , 1000 , 1000 , 1000 , 3.480180 , 6.142314 , 2.663887 , -0.966581 ,53460
 1000 , 1000 , 1000 , 1000 , 3.651987 , 4.071960 , 2.652302 , -1.043155 ,53493
 999 , 999 , 999 , 999 , 3.279452 , 2.055696 , 2.612690 , -1.168282 ,53527
 999 , 999 , 999 , 999 , 2.904945 , -0.349522 , 2.552355 , -1.332864 ,53560
 999 , 999 , 999 , 999 , 2.564609 , -2.605130 , 2.487394 , -1.523203 ,53593
 999 , 999 , 999 , 999 , 1.915506 , -4.568601 , 2.421861 , -1.721928 ,53627
 1000 , 1000 , 1000 , 1000 , 1.818521 , -6.438822 , 2.377765 , -1.921624 ,53660
 999 , 999 , 999 , 999 , 1.389414 , -7.906825 , 2.353843 , -2.107733 ,53693
 1000 , 1000 , 1000 , 1000 , 1.216003 , -9.102315 , 2.356371 , -2.271977 ,53727
 999 , 999 , 999 , 999 , 1.204582 , -9.766253 , 2.386594 , -2.403003 ,53760
 1000 , 1000 , 1000 , 1000 , 1.250143 , -9.995425 , 2.437364 , -2.491355 ,53793
 999 , 999 , 999 , 999 , 1.517154 , -9.620193 , 2.503711 , -2.530111 ,53827
 1000 , 1000 , 1000 , 1000 , 1.793576 , -8.933064 , 2.571581 , -2.520002 ,53860
 999 , 999 , 999 , 999 , 2.160298 , -7.762971 , 2.633861 , -2.460483 ,53893
 999 , 999 , 999 , 999 , 2.531319 , -6.153406 , 2.680013 , -2.353338 ,53927
 999 , 999 , 999 , 999 , 2.820766 , -4.124556 , 2.703199 , -2.202457 ,53960
 999 , 999 , 999 , 999 , 3.073979 , -2.170138 , 2.702119 , -2.023492 ,53993
 999 , 999 , 999 , 999 , 3.157813 , -0.000000 , 2.675376 , -1.824162 ,54027
 999 , 999 , 999 , 999 , 2.978608 , 2.048148 , 2.627178 , -1.619959 ,54060
 999 , 999 , 999 , 999 , 2.781545 , 4.011989 , 2.568280 , -1.419367 ,54093
 1000 , 1000 , 1000 , 1000 , 2.421098 , 5.566156 , 2.506770 , -1.240072 ,54127
 1000 , 1000 , 1000 , 1000 , 2.356465 , 6.908123 , 2.458263 , -1.088004 ,54160
 999 , 999 , 999 , 999 , 2.182125 , 7.760934 , 2.428967 , -0.975028 ,54193
 1000 , 1000 , 1000 , 1000 , 2.059283 , 8.195107 , 2.425560 , -0.909342 ,54227
 999 , 999 , 999 , 999 , 2.098322 , 8.255417 , 2.450744 , -0.895587 ,54260
 1000 , 1000 , 1000 , 1000 , 2.217595 , 7.860017 , 2.502437 , -0.938359 ,54293
 1000 , 1000 , 1000 , 1000 , 2.355558 , 6.819121 , 2.574171 , -1.042112 ,54327
 1000 , 1000 , 1000 , 1000 , 2.878774 , 5.393116 , 2.662498 , -1.204558 ,54360
 1000 , 1000 , 1000 , 1000 , 3.115923 , 3.565486 , 2.751555 , -1.419721 ,54393
 999 , 999 , 999 , 999 , 3.366515 , 1.465379 , 2.830849 , -1.680030 ,54427
 1000 , 1000 , 1000 , 1000 , 3.550996 , -0.826258 , 2.889517 , -1.972944 ,54460
 999 , 999 , 999 , 999 , 3.504226 , -3.205089 , 2.919500 , -2.285372 ,54493
 1000 , 1000 , 1000 , 1000 , 3.383654 , -5.608591 , 2.918633 , -2.605974 ,54527
 999 , 999 , 999 , 999 , 3.166450 , -7.930551 , 2.889315 , -2.921544 ,54560
 999 , 999 , 999 , 999 , 2.781027 , -9.825809 , 2.835311 , -3.216869 ,54593
 1000 , 1000 , 1000 , 1000 , 2.225788 , -11.617684 , 2.764469 , -3.482471 ,54627
 1000 , 1000 , 1000 , 1000 , 1.746745 , -12.883716 , 2.689685 , -3.704856 ,54660
 999 , 999 , 999 , 999 , 1.272235 , -13.822968 , 2.622152 , -3.876079 ,54693
 1000 , 1000 , 1000 , 1000 , 1.057655 , -14.271611 , 2.572770 , -3.986627 ,54727
 1000 , 1000 , 1000 , 1000 , 0.698882 , -14.033359 , 2.545487 , -4.026378 ,54760
 1000 , 1000 , 1000 , 1000 , 0.740246 , -13.447206 , 2.548118 , -3.995830 ,54793
 1000 , 1000 , 1000 , 1000 , 0.984952 , -12.258986 , 2.581238 , -3.889259 ,54827
 999 , 999 , 999 , 999 , 1.225975 , -10.541362 , 2.636329 , -3.709985 ,54860
 999 , 999 , 999 , 999 , 1.938445 , -8.672534 , 2.712006 , -3.467638 ,54893
 999 , 999 , 999 , 999 , 2.417053 , -6.161310 , 2.792992 , -3.164986 ,54927
 1000 , 1000 , 1000 , 1000 , 2.947289 , -3.790466 , 2.868237 , -2.820443 ,54960
 999 , 999 , 999 , 999 , 3.222961 , -1.245292 , 2.925455 , -2.446408 ,54993
 999 , 999 , 999 , 999 , 3.370970 , 1.096015 , 2.954928 , -2.060362 ,55027
 999 , 999 , 999 , 999 , 3.559163 , 3.232769 , 2.956466 , -1.675714 ,55060
 999 , 999 , 999 , 999 , 3.431463 , 5.253139 , 2.928941 , -1.302626 ,55093
 1000 , 1000 , 1000 , 1000 , 3.193441 , 6.875440 , 2.875779 , -0.957205 ,55127
 999 , 999 , 999 , 999 , 2.805860 , 8.155816 , 2.805707 , -0.648608 ,55160
 1000 , 1000 , 1000 , 1000 , 2.592240 , 8.942350 , 2.733174 , -0.387714 ,55193
 1000 , 1000 , 1000 , 1000 , 2.255940 , 9.280667 , 2.668420 , -0.187407 ,55227
 1000 , 1000 , 1000 , 1000 , 2.041614 , 9.232074 , 2.622319 , -0.048878 ,55260
 1000 , 1000 , 1000 , 1000 , 1.940309 , 8.763863 , 2.602535 , 0.024549 ,55293
 1000 , 1000 , 1000 , 1000 , 1.960673 , 7.687239 , 2.615110 , 0.028420 ,55327
 1000 , 1000 , 1000 , 1000 , 2.077039 , 6.255750 , 2.656525 , -0.033998 ,55360
 1000 , 1000 , 1000 , 1000 , 2.341778 , 4.633170 , 2.722512 , -0.154716 ,55393
 1000 , 1000 , 1000 , 1000 , 2.600631 , 2.668404 , 2.802982 , -0.326639 ,55427
 1000 , 1000 , 1000 , 1000 , 2.830757 , 0.636336 , 2.884377 , -0.536789 ,55460
 999 , 999 , 999 , 999 , 3.160350 , -1.450738 , 2.956840 , -0.774012 ,55493
 1000 , 1000 , 1000 , 1000 , 3.270493 , -3.406921 , 3.007604 , -1.024379 ,55527
 1000 , 1000 , 1000 , 1000 , 3.220102 , -5.275185 , 3.028302 , -1.277948 ,55560
 1000 , 1000 , 1000 , 1000 , 3.193227 , -6.771950 , 3.019241 , -1.522790 ,55593
 1000 , 1000 , 1000 , 1000 , 2.832596 , -7.925674 , 2.977408 , -1.747797 ,55627
 1000 , 1000 , 1000 , 1000 , 2.428951 , -8.832050 , 2.910255 , -1.945551 ,55660
 1000 , 1000 , 1000 , 1000 , 2.105188 , -9.220185 , 2.831052 , -2.106627 ,55693
 1000 , 1000 , 1000 , 1000 , 1.591537 , -9.298170 , 2.746222 , -2.225415 ,55727
 999 , 999 , 999 , 999 , 1.373876 , -9.043165 , 2.673060 , -2.297120 ,55760
 1000 , 1000 , 1000 , 1000 , 1.185227 , -8.269567 , 2.620544 , -2.319877 ,55793
 1000 , 1000 , 1000 , 1000 , 1.198280 , -7.083237 , 2.598436 , -2.293170 ,55827
 1000 , 1000 , 1000 , 1000 , 1.407529 , -5.652380 , 2.610273 , -2.222059 ,55860
 999 , 999 , 999 , 999 , 1.656232 , -4.089180 , 2.651612 , -2.114032 ,55893
 1000 , 1000 , 1000 , 1000 , 2.234417 , -2.261515 , 2.720142 , -1.976352 ,55927
 999 , 999 , 999 , 999 , 2.521925 , -0.512318 , 2.800306 , -1.821795 ,55960
 999 , 999 , 999 , 999 , 2.880483 , 1.113750 , 2.880357 , -1.661828 ,55993
 999 , 999 , 999 , 999 , 3.286581 , 2.576898 , 2.950175 , -1.508185 ,56027
 1000 , 1000 , 1000 , 1000 , 3.501955 , 3.747568 , 2.998013 , -1.369942 ,56060
 1000 , 1000 , 1000 , 1000 , 3.565159 , 4.605278 , 3.016908 , -1.255810 ,56093
 999 , 999 , 999 , 999 , 3.610338 , 5.241570 , 3.005947 , -1.172908 ,56127
 999 , 999 , 999 , 999 , 3.456234 , 5.373394 , 2.968242 , -1.129110 ,56160
 1000 , 1000 , 1000 , 1000 , 3.148772 , 5.202065 , 2.909578 , -1.128064 ,56193
 1000 , 1000 , 1000 , 1000 , 2.948599 , 4.610986 , 2.843047 , -1.173579 ,56227
 999 , 999 , 999 , 999 , 2.634103 , 3.719229 , 2.779832 , -1.264431 ,56260
 999 , 999 , 999 , 999 , 2.299865 , 2.354654 , 2.730080 , -1.399610 ,56293
 999 , 999 , 999 , 999 , 2.230342 , 0.747813 , 2.706300 , -1.573013 ,56327
 1000 , 1000 , 1000 , 1000 , 2.052589 , -1.005741 , 2.710168 , -1.776210 ,56360
 999 , 999 , 999 , 999 , 2.151355 , -2.900802 , 2.744003 , -1.999193 ,56393
 1000 , 1000 , 1000 , 1000 , 2.148501 , -4.831923 , 2.800277 , -2.230072 ,56427
 1000 , 1000 , 1000 , 1000 , 2.179893 , -6.579972 , 2.869752 , -2.455848 ,56460
 1000 , 1000 , 1000 , 1000 , 2.487361 , -8.146592 , 2.944636 , -2.666469 ,56493
 1000 , 1000 , 1000 , 1000 , 2.772789 , -9.545124 , 3.013436 , -2.851895 ,56527
 999 , 999 , 999 , 999 , 2.880373 , -10.580047 , 3.063092 , -3.002586 ,56560
 1000 , 1000 , 1000 , 1000 , 2.738420 , -11.129997 , 3.082516 , -3.108131 ,56594
 1000 , 1000 , 1000 , 1000 , 2.697346 , -11.459308 , 3.071068 , -3.162301 ,56627
 999 , 999 , 999 , 999 , 2.523209 , -11.305554 , 3.031840 , -3.160781 ,56660
 1000 , 1000 , 1000 , 1000 , 2.297735 , -10.627600 , 2.969353 , -3.097948 ,56693
 999 , 999 , 999 , 999 , 2.066875 , -9.698838 , 2.894223 , -2.975688 ,56727
 999 , 999 , 999 , 999 , 1.873085 , -8.249306 , 2.819929 , -2.795200 ,56760
 999 , 999 , 999 , 999 , 1.696297 , -6.455904 , 2.757423 , -2.561737 ,56793
 1000 , 1000 , 1000 , 1000 , 1.619668 , -4.495530 , 2.718621 , -2.284186 ,56827
 999 , 999 , 999 , 999 , 1.692993 , -2.356968 , 2.708972 , -1.973289 ,56860
 999 , 999 , 999 , 999 , 1.917924 , -0.380796 , 2.731869 , -1.645023 ,56893
 999 , 999 , 999 , 999 , 2.159517 , 1.765504 , 2.783797 , -1.309653 ,56927
 1000 , 1000 , 1000 , 1000 , 2.400903 , 3.514361 , 2.854867 , -0.982846 ,56960
 999 , 999 , 999 , 999 , 2.798784 , 5.181394 , 2.935474 , -0.674103 ,56993
 999 , 999 , 999 , 999 , 3.025350 , 6.454785 , 3.010966 , -0.396818 ,57027
 999 , 999 , 999 , 999 , 3.377824 , 7.412179 , 3.072726 , -0.160402 ,57060
 999 , 999 , 999 , 999 , 3.419496 , 8.050681 , 3.108608 , 0.028375 ,57093
 999 , 999 , 999 , 999 , 3.488415 , 8.258883 , 3.114378 , 0.160903 ,57127
 999 , 999 , 999 , 999 , 3.309427 , 8.159852 , 3.089480 , 0.235009 ,57160
 999 , 999 , 999 , 999 , 3.213255 , 7.648474 , 3.039704 , 0.248158 ,57193
 999 , 999 , 999 , 999 , 2.891990 , 6.614349 , 2.971840 , 0.195920 ,57227
 1000 , 1000 , 1000 , 1000 , 2.696730 , 5.317410 , 2.899962 , 0.084044 ,57260
 1000 , 1000 , 1000 , 1000 , 2.366981 , 3.761751 , 2.833597 , -0.081747 ,57293
 1000 , 1000 , 1000 , 1000 , 2.119082 , 1.956010 , 2.785561 , -0.293690 ,57327
 1000 , 1000 , 1000 , 1000 , 2.037389 , 0.013580 , 2.764001 , -0.541439 ,57360
 999 , 999 , 999 , 999 , 1.809436 , -1.972755 , 2.768350 , -0.813340 ,57393
